{"nz":[80.96,173,53.88],"iz":[86.1402817,20.7756805,36.9717331],"lpa":[17.11,92.69,45.69],"rpa":[150,100.8,45.13],"cz":[82.3363,78.840416,150.979446],"cm":[[13.030788421630859,87.546745300292969,74.68408203125],[11.25291633605957,84.994857788085938,89.157760620117188],[14.033920288085938,82.742622375488281,103.48526763916016],[18.39080810546875,80.613166809082031,117.64867401123047],[27.586517333984375,79.184326171875,129.39198303222656],[39.331306457519531,78.328788757324219,138.65133666992188],[53.022701263427734,78.089187622070312,144.9591064453125],[67.444862365722656,78.265876770019531,149.06329345703125],[82.3363037109375,78.840415954589844,150.97944641113281],[97.18402099609375,80.076454162597656,148.96366882324219],[111.70557403564453,81.575225830078125,145.27584838867188],[125.16888427734375,83.452102661132812,138.97145080566406],[136.65087890625,85.7381820678711,129.53689575195312],[144.77613830566406,88.288932800292969,117.33671569824219],[149.05364990234375,90.936141967773438,103.19131469726562],[150.641845703125,93.528160095214844,88.412307739257812],[150.82406616210938,96.046127319335938,73.569717407226562]],"sm":[[80.310630798339844,176.42982482910156,85.601333618164062],[80.1697998046875,172.5687255859375,101.19059753417969],[80.186027526855469,164.79742431640625,114.93287658691406],[80.3354263305664,153.90284729003906,126.74681091308594],[80.59161376953125,141.05740356445312,135.96757507324219],[80.96734619140625,126.18096160888672,141.99484252929688],[81.402023315429688,110.54122924804688,145.9976806640625],[81.859580993652344,94.753509521484375,148.93341064453125],[82.336296081542969,78.84051513671875,150.97943115234375],[82.8703384399414,62.8040771484375,149.88638305664062],[83.44256591796875,47.213169097900391,145.703857421875],[84.029525756835938,33.222919464111328,137.62608337402344],[84.590972900390625,21.770427703857422,126.25135040283203],[85.09246826171875,13.524788856506348,112.33773803710938],[85.537353515625,7.6295199394226074,97.310302734375],[85.892547607421875,5.0003824234008789,81.383087158203125],[86.137222290039062,5.87458610534668,65.333824157714844]],"aal":[[14.894550323486328,99.421928405761719,76.106704711914062],[17.986627578735352,111.25270843505859,77.530235290527344],[22.371416091918945,122.65687561035156,78.909530639648438],[26.214588165283203,134.24493408203125,80.307968139648438],[31.150669097900391,145.42147827148438,81.6629638671875],[37.629169464111328,155.77528381347656,82.927825927734375],[45.578666687011719,165.02439880371094,84.068656921386719],[56.322525024414062,170.57318115234375,84.783241271972656],[67.378204345703125,175.79145812988281,85.460067749023438]],"apl":[[12.999445915222168,74.987586975097656,73.189323425292969],[15.892576217651367,63.018001556396484,71.779495239257812],[19.244817733764648,51.029159545898438,70.369682312011719],[24.16077995300293,39.603431701660156,69.0347900390625],[30.539073944091797,28.961954116821289,67.800613403320312],[39.100933074951172,19.901462554931641,66.765594482421875],[49.555049896240234,13.09233570098877,66.008064270019531],[61.030830383300781,8.1315078735351562,65.475631713867188],[73.233871459960938,5.4662961959838867,65.220085144042969]],"aar":[[148.56478881835938,107.29573822021484,74.975135803222656],[144.79286193847656,118.80613708496094,76.466567993164062],[140.51524353027344,130.132568359375,77.9548568725586],[135.64961242675781,141.20867919921875,79.435234069824219],[130.90534973144531,152.31524658203125,80.914764404296875],[123.38674926757812,161.67546081542969,82.290435791015625],[113.73519897460938,168.968017578125,83.501045227050781],[102.83883666992188,173.61441040039062,84.446044921875],[91.350799560546875,176.992919921875,85.26361083984375]],"apr":[[151.95451354980469,83.182876586914062,72.015861511230469],[149.91194152832031,71.039779663085938,70.66278076171875],[146.2080078125,59.281181335449219,69.415687561035156],[142.54248046875,47.536228179931641,68.1688003540039],[136.9530029296875,36.531803131103516,67.079376220703125],[129.23385620117188,26.841129302978516,66.222335815429688],[120.14785766601562,18.4805908203125,65.57171630859375],[109.62773895263672,11.935061454772949,65.186973571777344],[97.904167175292969,7.9118385314941406,65.1428451538086]],"cal_1":[[68.020149230957031,94.121162414550781,147.4923095703125],[54.42901611328125,93.815727233886719,143.38813781738281],[41.579780578613281,93.816490173339844,137.040771484375],[30.389318466186523,94.2071533203125,128.18968200683594],[21.696445465087891,95.032073974609375,116.87043762207031],[17.133495330810547,96.344062805175781,103.43900299072266],[15.824424743652344,97.928115844726562,89.294853210449219]],"car_1":[[96.2718505859375,95.790634155273438,147.20797729492188],[109.9478759765625,97.049545288085938,143.229248046875],[122.80313110351562,98.503135681152344,137.18650817871094],[133.77522277832031,100.19557189941406,128.17939758300781],[141.94735717773438,102.02078247070312,116.65892028808594],[145.89161682128906,103.84552001953125,103.05632019042969],[147.94436645507812,105.61463165283203,88.994216918945312]],"cal_2":[[67.6434326171875,109.84817504882812,144.168701171875],[55.267532348632812,109.37919616699219,140.14968872070312],[43.659881591796875,109.0767822265625,134.267578125],[33.411113739013672,108.99604034423828,126.21075439453125],[25.573745727539062,109.21109008789062,115.79521179199219],[20.94896125793457,109.73161315917969,103.59844207763672],[19.092048645019531,110.46510314941406,90.639358520507812]],"car_2":[[93.756118774414062,111.36448669433594,144.55120849609375],[106.46072387695312,112.35533142089844,140.84658813476562],[118.74374389648438,113.41127777099609,135.75900268554688],[129.1942138671875,114.56177520751953,127.55554962158203],[137.14886474609375,115.71834564208984,116.99436187744141],[142.05708312988281,116.80758666992188,104.70443725585938],[143.85519409179688,117.77290344238281,91.497726440429688]],"cal_3":[[70.396270751953125,125.51633453369141,140.60354614257812],[58.788372039794922,124.79301452636719,136.82435607910156],[47.771041870117188,124.11143493652344,131.53067016601562],[37.853370666503906,123.50434875488281,124.52602386474609],[29.974422454833984,123.03304290771484,115.16252136230469],[25.069576263427734,122.75520324707031,103.94598388671875],[22.822353363037109,122.64785766601562,91.901885986328125]],"car_3":[[94.560073852539062,127.04560852050781,140.30995178222656],[106.06025695800781,127.78416442871094,136.45431518554688],[116.987060546875,128.49064636230469,131.14901733398438],[126.44150543212891,129.11085510253906,123.47291564941406],[133.70661926269531,129.5985107421875,113.74094390869141],[137.97845458984375,129.90165710449219,102.33854675292969],[140.11268615722656,130.07139587402344,90.311531066894531]],"cal_4":[[68.373428344726562,140.14414978027344,133.79310607910156],[58.4401969909668,139.28189086914062,130.02127075195312],[48.4919548034668,138.41575622558594,126.20018005371094],[40.347221374511719,137.47843933105469,119.25296783447266],[33.757369995117188,136.55776977539062,110.91702270507812],[29.1657772064209,135.68612670898438,101.25761413574219],[26.983854293823242,134.91824340820312,90.749092102050781]],"car_4":[[90.141250610351562,141.6695556640625,135.96597290039062],[100.80565643310547,142.10519409179688,131.81552124023438],[111.67837524414062,142.58793640136719,128.22958374023438],[120.39762878417969,142.71653747558594,121.02777099609375],[128.27348327636719,142.72377014160156,112.70004272460938],[133.20175170898438,142.42204284667969,102.36460113525391],[135.01496887207031,141.86453247070312,91.0905990600586]],