{"nz":[85.81,190.4,96.4],"iz":[90.36,2.319,111.4],"lpa":[14.76,99.09,82.45],"rpa":[158.1,99.09,82.45],"cz":[87.357009887695312,103.02899169921875,206.37797546386719],"cm":[[12.176996231079102,100.14753723144531,115.72213745117188],[11.690861701965332,100.67652893066406,132.36543273925781],[13.537086486816406,101.20269775390625,148.91963195800781],[18.979656219482422,101.70452880859375,164.70802307128906],[28.575950622558594,102.14028930664062,178.41804504394531],[40.70794677734375,102.50763702392578,189.975341796875],[54.958881378173828,102.78636169433594,198.74447631835938],[70.802352905273438,102.95738983154297,204.1251220703125],[87.357009887695312,103.02899169921875,206.37797546386719],[103.88948059082031,102.94876861572266,203.85398864746094],[119.57315063476562,102.76242828369141,197.99150085449219],[133.71333312988281,102.47737121582031,189.02290344238281],[145.74343872070312,102.1080322265625,177.40289306640625],[155.06288146972656,101.66742706298828,163.54072570800781],[160.42369079589844,101.16385650634766,147.69709777832031],[162.02752685546875,100.63506317138672,131.0604248046875],[161.74612426757812,100.10332489013672,114.33120727539062]],"sm":[[85.588714599609375,192.29547119140625,128.14103698730469],[85.57025146484375,189.492919921875,144.04447937011719],[85.641075134277344,183.29460144042969,158.92369079589844],[85.79779052734375,173.98226928710938,172.12882995605469],[86.01055908203125,162.77738952636719,183.62332153320312],[86.2987060546875,149.14872741699219,192.26235961914062],[86.631752014160156,134.246826171875,198.44277954101562],[86.987716674804688,118.79874420166016,202.90280151367188],[87.357009887695312,103.02899169921875,206.37796020507812],[87.74383544921875,86.953323364257812,208.03665161132812],[88.145469665527344,70.851325988769531,207.12216186523438],[88.5517807006836,55.133491516113281,203.63491821289062],[88.94378662109375,40.891609191894531,196.14273071289062],[89.30523681640625,28.532659530639648,185.773193359375],[89.614303588867188,18.869569778442383,172.85362243652344],[89.881698608398438,11.187112808227539,158.64273071289062],[90.099861145019531,5.7269535064697266,143.4320068359375]],"aal":[[13.596340179443359,112.77606201171875,115.14248657226562],[16.159158706665039,126.01513671875,114.81862640380859],[19.335044860839844,139.12844848632812,114.66611480712891],[24.177768707275391,151.69876098632812,114.99473571777344],[30.414567947387695,163.63311767578125,115.739501953125],[38.390110015869141,174.39260864257812,117.03215789794922],[48.508613586425781,183.00584411621094,119.05280303955078],[60.36053466796875,188.76228332519531,121.74703979492188],[73.0759048461914,191.83328247070312,124.8721923828125]],"apl":[[11.02229118347168,84.851669311523438,116.5732421875],[12.678525924682617,70.381088256835938,118.10415649414062],[15.98171329498291,56.221584320068359,120.04639434814453],[20.854026794433594,42.584514617919922,122.36346435546875],[28.197996139526367,30.256799697875977,125.23417663574219],[38.2773323059082,20.22772216796875,128.65336608886719],[49.909805297851562,12.139324188232422,132.33596801757812],[62.980281829833984,7.14942741394043,136.16409301757812],[76.897911071777344,5.0475964546203613,139.99761962890625]],"aar":[[159.87307739257812,113.69509124755859,113.66358184814453],[157.11819458007812,127.0166015625,113.27484893798828],[153.91215515136719,140.26760864257812,113.02279663085938],[149.12217712402344,153.0225830078125,113.27261352539062],[142.45492553710938,164.87130737304688,114.14557647705078],[134.58929443359375,175.92416381835938,115.43567657470703],[124.05714416503906,184.20162963867188,117.74331665039062],[112.08670043945312,189.97361755371094,120.68943786621094],[99.146026611328125,192.37120056152344,124.21614074707031]],"apr":[[162.03538513183594,86.5257797241211,115.45529937744141],[161.1907958984375,72.937423706054688,116.90802001953125],[157.81796264648438,59.823028564453125,119.04927825927734],[153.06617736816406,47.230308532714844,121.54268646240234],[146.823974609375,35.358970642089844,124.40262603759766],[138.63198852539062,24.877214431762695,127.70252227783203],[128.4678955078125,16.452890396118164,131.38931274414062],[117.00054931640625,10.106972694396973,135.26792907714844],[104.38595581054688,6.6701841354370117,139.21931457519531]],"cal_1":[[71.416450500488281,118.59311676025391,201.34487915039062],[56.309982299804688,118.13414764404297,195.70428466796875],[42.834178924560547,117.48492431640625,186.85650634765625],[31.088106155395508,116.71106719970703,175.83515930175781],[21.768760681152344,115.82392883300781,162.743896484375],[15.4407320022583,114.85203552246094,147.97465515136719],[13.479939460754395,113.83495330810547,132.00563049316406]],"car_1":[[103.41588592529297,118.75904846191406,200.46263122558594],[118.62060546875,118.51690673828125,194.93539428710938],[132.05987548828125,118.03956604003906,185.85980224609375],[143.72956848144531,117.41453552246094,174.6287841796875],[152.85307312011719,116.63778686523438,161.263916015625],[158.49159240722656,115.72834777832031,146.17127990722656],[159.94647216796875,114.72669219970703,130.07151794433594]],"cal_2":[[72.143478393554688,133.9881591796875,196.90129089355469],[57.808815002441406,133.35491943359375,191.25741577148438],[44.922103881835938,132.47874450683594,182.83322143554688],[33.891067504882812,131.40977478027344,172.14015197753906],[25.0270938873291,130.18716430664062,159.57778930664062],[18.735519409179688,128.85272216796875,145.56733703613281],[16.0042724609375,127.44609069824219,130.45339965820312]],"car_2":[[102.62785339355469,134.1796875,196.29400634765625],[116.98975372314453,133.7821044921875,190.68258666992188],[129.75930786132812,133.09326171875,182.03250122070312],[140.813232421875,132.19952392578125,171.29762268066406],[149.46635437011719,131.10748291015625,158.61054992675781],[155.05926513671875,129.84519958496094,144.33560180664062],[157.25164794921875,128.47215270996094,129.1527099609375]],"cal_3":[[71.796417236328125,148.78579711914062,190.44731140136719],[58.9655876159668,147.94264221191406,184.51104736328125],[47.185222625732422,146.88822937011719,176.73599243164062],[37.04833984375,145.6099853515625,166.96891784667969],[28.862998962402344,144.14794921875,155.516357421875],[23.472381591796875,142.52963256835938,142.5369873046875],[20.28770637512207,140.85366821289062,128.89776611328125]],"car_3":[[100.26941680908203,149.10064697265625,190.71209716796875],[113.80177307128906,148.59651184082031,185.41497802734375],[125.96087646484375,147.75619506835938,177.44247436523438],[136.47663879394531,146.65254211425781,167.42135620117188],[144.51234436035156,145.28004455566406,155.37445068359375],[150.22846984863281,143.73423767089844,142.08131408691406],[153.31999206542969,142.06588745117188,127.98793029785156]],"cal_4":[[73.544647216796875,162.35444641113281,181.8563232421875],[61.73114013671875,161.47367858886719,176.98240661621094],[51.086196899414062,160.28251647949219,169.94087219238281],[41.70257568359375,158.869384765625,161.31341552734375],[34.272018432617188,157.22854614257812,151.00312805175781],[29.041543960571289,155.4276123046875,139.43983459472656],[25.681240081787109,153.54942321777344,127.20393371582031]],"car_4":[[99.178382873535156,162.752685546875,182.34701538085938],[111.08672332763672,162.1341552734375,177.218994140625],[121.87019348144531,161.19792175292969,170.06814575195312],[131.51953125,160.03086853027344,161.47425842285156],[139.23968505859375,158.57839965820312,151.14070129394531],[144.15805053710938,156.85145568847656,139.214111328125],[147.29168701171875,155.0133056640625,126.69676208496094]],