{"nz":[83.14,184,89.15],"iz":[79.0539169,7.65734863,80.0783234],"lpa":[8.01,91.3,83.65],"rpa":[154,92.42,85.17],"cz":[79.7612305,85.3781891,210.52478],"cm":[[4.5905051231384277,89.536666870117188,117.46623229980469],[4.4652533531188965,88.665069580078125,134.4312744140625],[6.1307458877563477,87.809112548828125,151.378173828125],[10.626733779907227,87.007583618164062,167.71693420410156],[19.985555648803711,86.358444213867188,181.8634033203125],[32.618228912353516,85.8795166015625,193.21664428710938],[47.0050048828125,85.5325927734375,202.27778625488281],[62.942924499511719,85.352371215820312,208.33847045898438],[79.76123046875,85.378189086914062,210.5247802734375],[96.679893493652344,85.603302001953125,208.84344482421875],[112.72614288330078,86.030914306640625,203.07649230957031],[127.36372375488281,86.589859008789062,194.52488708496094],[140.29794311523438,87.262237548828125,183.490234375],[149.97050476074219,88.054092407226562,169.60597229003906],[155.27598571777344,88.924591064453125,153.49043273925781],[157.13229370117188,89.80743408203125,136.58319091796875],[157.14923095703125,90.6796875,119.58802795410156]],"sm":[[82.893508911132812,186.66007995605469,124.91439819335938],[82.66839599609375,183.69107055664062,142.83572387695312],[82.356620788574219,176.61180114746094,159.55584716796875],[81.986221313476562,166.4188232421875,174.549560546875],[81.566535949707031,153.18601989746094,186.9420166015625],[81.118179321289062,137.59970092773438,196.22348022460938],[80.661491394042969,120.81107330322266,203.18510437011719],[80.206512451171875,103.28199768066406,207.9266357421875],[79.76123046875,85.378166198730469,210.52479553222656],[79.334121704101562,67.272148132324219,210.46842956542969],[78.979461669921875,50.108192443847656,204.60635375976562],[78.688995361328125,34.440860748291016,195.41148376464844],[78.497482299804688,21.667438507080078,182.67416381835938],[78.413467407226562,12.389294624328613,167.05317687988281],[78.381149291992188,4.9590940475463867,150.500244140625],[78.438957214355469,0.96375817060470581,132.90678405761719],[78.568496704101562,-0.17677769064903259,114.81423950195312]],"aal":[[6.2363624572753906,103.31430053710938,118.24937438964844],[8.8155307769775391,117.1624755859375,119.06326293945312],[12.409429550170898,130.710205078125,119.89042663574219],[17.641159057617188,143.78671264648438,120.73976135253906],[24.270351409912109,156.21420288085938,121.59483337402344],[32.945205688476562,167.23867797851562,122.43409729003906],[43.8791618347168,176.00506591796875,123.21810150146484],[56.512058258056641,182.19070434570312,123.91342163085938],[70.141937255859375,185.79110717773438,124.49951171875]],"apl":[[4.337306022644043,76.280181884765625,116.75115966796875],[6.5047512054443359,63.340850830078125,116.12296295166016],[9.4625740051269531,50.572311401367188,115.52671813964844],[14.394296646118164,38.4198112487793,115.02041625976562],[21.50786018371582,27.403347015380859,114.6378173828125],[30.693935394287109,18.042560577392578,114.40350341796875],[41.126979827880859,10.109268188476562,114.28143310546875],[52.791633605957031,4.1802005767822266,114.30197143554688],[65.404350280761719,0.72801303863525391,114.48213195800781]],"aar":[[155.60430908203125,104.2459716796875,120.32475280761719],[153.21087646484375,117.34371948242188,121.03765106201172],[149.96829223632812,130.22979736328125,121.74064636230469],[145.38003540039062,142.72512817382812,122.42491912841797],[138.96311950683594,154.38375854492188,123.06721496582031],[131.41632080078125,165.33845520019531,123.67346954345703],[121.46294403076172,174.16250610351562,124.16878509521484],[109.98428344726562,180.79899597167969,124.54850006103516],[97.312919616699219,184.79055786132812,124.78727722167969]],"apr":[[157.75469970703125,77.449638366699219,118.87119293212891],[155.34521484375,64.049240112304688,118.15056610107422],[151.43077087402344,51.000595092773438,117.45168304443359],[145.89047241210938,38.534088134765625,116.78721618652344],[138.363525390625,27.167734146118164,116.18585205078125],[128.74478149414062,17.489475250244141,115.67958831787109],[117.61782073974609,9.5965051651000977,115.27260589599609],[105.31625366210938,3.6808862686157227,114.97474670410156],[92.086807250976562,0.47810140252113342,114.8253173828125]],"cal_1":[[64.311492919921875,103.19569396972656,205.39912414550781],[48.866863250732422,103.128662109375,199.92581176757812],[34.778976440429688,103.08659362792969,191.50299072265625],[22.947330474853516,103.07490539550781,180.18527221679688],[13.760431289672852,103.09243011474609,166.61940002441406],[8.3569669723510742,103.14452362060547,151.13810729980469],[6.317410945892334,103.22222137451172,134.87567138671875]],"car_1":[[96.634796142578125,103.39974975585938,205.41148376464844],[112.10626983642578,103.52687072753906,200.1282958984375],[126.13658905029297,103.66248321533203,191.68547058105469],[138.29881286621094,103.79937744140625,180.89497375488281],[147.64677429199219,103.93318939208984,167.46788024902344],[153.0247802734375,104.05283355712891,152.08200073242188],[155.90078735351562,104.16024780273438,136.0523681640625]],"cal_2":[[65.384506225585938,120.7047119140625,200.93905639648438],[51.032558441162109,120.46028137207031,195.45298767089844],[38.063022613525391,120.09676361083984,187.16264343261719],[26.817472457885742,119.64041137695312,176.6763916015625],[17.880424499511719,119.09829711914062,164.15008544921875],[12.059774398803711,118.4864501953125,149.94622802734375],[9.4313058853149414,117.83702850341797,134.81390380859375]],"car_2":[[95.563949584960938,120.72297668457031,200.89370727539062],[109.91447448730469,120.51972961425781,195.92007446289062],[123.05584716796875,120.20002746582031,188.24490356445312],[134.4239501953125,119.77577209472656,178.15455627441406],[143.52287292480469,119.26073455810547,165.97882080078125],[149.54751586914062,118.67079162597656,152.10115051269531],[152.66169738769531,118.03855895996094,137.28048706054688]],"cal_3":[[68.44415283203125,137.50404357910156,194.57296752929688],[54.988410949707031,137.08282470703125,189.43991088867188],[42.6630859375,136.43998718261719,182.01933288574219],[32.025638580322266,135.56991577148438,172.28047180175781],[23.317165374755859,134.52742004394531,160.81512451171875],[17.136941909790039,133.32736206054688,147.81057739257812],[13.451210021972656,132.02679443359375,133.86874389648438]],"car_3":[[96.3607406616211,137.34547424316406,194.30258178710938],[109.27769470214844,136.83329772949219,189.53610229492188],[120.95486450195312,136.09152221679688,182.27870178222656],[131.09892272949219,135.16555786132812,172.99589538574219],[139.39695739746094,134.088134765625,162.01797485351562],[145.27595520019531,132.88679504394531,149.60746765136719],[148.81838989257812,131.61338806152344,136.31703186035156]],"cal_4":[[69.254165649414062,153.09315490722656,185.49482727050781],[57.585918426513672,152.51594543457031,180.90371704101562],[46.908660888671875,151.6717529296875,174.62287902832031],[37.378269195556641,150.54371643066406,166.55148315429688],[29.578775405883789,149.14320373535156,156.80445861816406],[23.699554443359375,147.53913879394531,145.84809875488281],[19.824432373046875,145.78265380859375,134.02452087402344]],"car_4":[[93.979995727539062,152.86480712890625,185.67057800292969],[105.55477905273438,152.11712646484375,181.53558349609375],[116.25594329833984,151.07720947265625,175.41770935058594],[125.822998046875,149.80029296875,167.66313171386719],[133.39341735839844,148.25486755371094,158.00575256347656],[139.16758728027344,146.5531005859375,147.19741821289062],[143.00540161132812,144.75201416015625,135.60379028320312]],