{"nz":[83.14,184,89.15],"iz":[78.34,-0.1853,114.6],"lpa":[8.01,91.3,83.65],"rpa":[154,92.42,85.17],"cz":[79.834503173828125,103.18136596679688,207.88670349121094],"cm":[[5.150151252746582,94.320121765136719,116.7755126953125],[5.0303850173950195,95.8443603515625,133.39692687988281],[6.9346089363098145,97.3729476928711,149.91751098632812],[12.198962211608887,98.854949951171875,165.68435668945312],[21.30970573425293,100.18679809570312,179.533203125],[33.443367004394531,101.31301879882812,190.91952514648438],[47.71392822265625,102.19807434082031,199.521240234375],[63.34539794921875,102.83261108398438,205.29275512695312],[79.834503173828125,103.18136596679688,207.88670349121094],[96.283554077148438,103.07805633544922,205.55654907226562],[112.10417175292969,102.70484924316406,200.33099365234375],[126.49723815917969,102.02989196777344,191.92105102539062],[139.10218811035156,101.12660217285156,181.15333557128906],[148.6697998046875,99.944816589355469,167.57281494140625],[154.3079833984375,98.551025390625,151.96922302246094],[156.99870300292969,97.0666275024414,135.59384155273438],[156.87286376953125,95.53717041015625,118.93360900878906]],"sm":[[82.856239318847656,187.05255126953125,121.31459045410156],[82.619247436523438,184.7520751953125,137.51226806640625],[82.323745727539062,179.75999450683594,153.0374755859375],[81.971443176269531,171.91520690917969,167.38314819335938],[81.576248168945312,161.52799987792969,179.98603820800781],[81.14837646484375,148.65199279785156,190.04449462890625],[80.708755493164062,134.22920227050781,197.75640869140625],[80.268608093261719,119.01076507568359,203.76412963867188],[79.834510803222656,103.18141937255859,207.88668823242188],[79.4123764038086,87.0789794921875,210.33448791503906],[79.0068588256836,70.770256042480469,210.83943176269531],[78.670356750488281,55.074642181396484,206.50218200683594],[78.390548706054688,40.401374816894531,199.32789611816406],[78.175590515136719,27.235713958740234,189.65354919433594],[78.0915756225586,17.756412506103516,176.34068298339844],[78.054443359375,9.75320053100586,162.06986999511719],[78.068893432617188,3.4756312370300293,146.96827697753906]],"aal":[[7.4547786712646484,108.47214508056641,115.24769592285156],[9.9469051361083984,121.75694274902344,113.88992309570312],[13.509929656982422,134.77558898925781,112.81985473632812],[19.097965240478516,147.14498901367188,112.31505584716797],[25.436527252197266,159.15274047851562,112.03742980957031],[33.603801727294922,169.93646240234375,112.36331176757812],[44.477779388427734,177.92558288574219,113.7257080078125],[56.727558135986328,183.37417602539062,115.77826690673828],[69.726203918457031,186.31228637695312,118.37094116210938]],"apl":[[3.9302854537963867,81.4864501953125,118.36319732666016],[5.5671453475952148,67.9650650024414,120.71510314941406],[8.4259157180786133,54.691993713378906,123.31481170654297],[12.578454971313477,41.8368034362793,126.15424346923828],[18.886775970458984,29.945159912109375,129.35423278808594],[28.258438110351562,20.426908493041992,132.92013549804688],[39.160263061523438,12.732741355895996,136.57568359375],[50.916774749755859,6.5390119552612305,140.21112060546875],[64.0417251586914,4.0135793685913086,143.6297607421875]],"aar":[[154.95268249511719,108.67976379394531,117.54632568359375],[152.17625427246094,121.45283508300781,116.37874603271484],[148.86314392089844,134.10520935058594,115.333984375],[143.85568237304688,146.21487426757812,114.69865417480469],[137.424560546875,157.64190673828125,114.43784332275391],[129.91220092773438,168.36692810058594,114.48619079589844],[119.73490905761719,176.57244873046875,115.40267944335938],[108.20196533203125,182.58184814453125,116.88387298583984],[95.745231628417969,186.00047302246094,118.89708709716797]],"apr":[[157.96267700195312,81.56561279296875,120.59730529785156],[156.22564697265625,67.493980407714844,122.83577728271484],[152.36956787109375,53.931186676025391,125.42646789550781],[146.88108825683594,40.96234130859375,128.26136779785156],[139.36924743652344,29.1544189453125,131.34175109863281],[129.58108520507812,19.22100830078125,134.62188720703125],[118.01307678222656,11.393486976623535,137.97198486328125],[105.19161987304688,5.8989572525024414,141.25703430175781],[91.391738891601562,3.698704719543457,144.29302978515625]],"cal_1":[[65.350151062011719,118.76039123535156,201.61117553710938],[50.27716064453125,118.07607269287109,195.8240966796875],[36.543621063232422,117.07210540771484,187.36564636230469],[24.895000457763672,115.75241088867188,176.27165222167969],[15.655739784240723,114.18883514404297,163.14468383789062],[9.8866786956787109,112.40373229980469,148.176025390625],[7.3855772018432617,110.51020050048828,132.31211853027344]],"car_1":[[96.995307922363281,118.69758605957031,201.20542907714844],[111.88818359375,118.04459381103516,195.79444885253906],[125.4322509765625,117.05394744873047,187.55134582519531],[136.99737548828125,115.76682281494141,176.818115234375],[146.28208923339844,114.23931121826172,164.06346130371094],[152.20977783203125,112.49130249023438,149.44992065429688],[154.88615417480469,110.63520812988281,133.91896057128906]],"cal_2":[[66.683151245117188,133.99948120117188,195.81101989746094],[52.410087585449219,133.1966552734375,190.10659790039062],[39.244453430175781,132.04656982421875,182.16409301757812],[28.206821441650391,130.46958923339844,171.49418640136719],[19.413061141967773,128.5997314453125,158.97802734375],[13.658693313598633,126.46546936035156,144.82684326171875],[10.925127029418945,124.18948364257812,129.84307861328125]],"car_2":[[96.738349914550781,133.84567260742188,195.75086975097656],[110.78424072265625,132.98248291015625,190.54312133789062],[123.46417999267578,131.71278381347656,182.63163757324219],[134.40309143066406,130.10649108886719,172.46194458007812],[142.79547119140625,128.19499206542969,160.2144775390625],[148.85427856445312,126.09857940673828,146.68307495117188],[151.73703002929688,123.86053466796875,132.12469482421875]],"cal_3":[[66.443763732910156,148.31509399414062,187.5810546875],[53.345218658447266,147.41517639160156,182.180419921875],[41.449443817138672,146.06845092773438,174.44548034667969],[31.426101684570312,144.28866577148438,164.47998046875],[23.435482025146484,142.18020629882812,152.84906005859375],[18.0106258392334,139.80233764648438,139.89353942871094],[15.139091491699219,137.25521850585938,126.14825439453125]],"car_3":[[94.614166259765625,148.29193115234375,188.72639465332031],[107.865234375,147.2496337890625,183.75167846679688],[120.06240081787109,145.80831909179688,176.5965576171875],[130.46330261230469,143.9451904296875,167.10548400878906],[138.58807373046875,141.730712890625,155.63383483886719],[144.51840209960938,139.30647277832031,142.94210815429688],[147.77029418945312,136.73451232910156,129.33993530273438]],"cal_4":[[68.803390502929688,161.29792785644531,178.28570556640625],[56.930606842041016,160.3958740234375,173.62399291992188],[46.085502624511719,159.03451538085938,166.960205078125],[36.831985473632812,157.21432495117188,158.32560729980469],[29.399051666259766,155.02534484863281,148.13555908203125],[24.131069183349609,152.54217529296875,136.74209594726562],[21.017112731933594,149.87181091308594,124.62355041503906]],"car_4":[[93.987380981445312,161.07966613769531,178.63026428222656],[105.86320495605469,160.00283813476562,174.4326171875],[116.56857299804688,158.42230224609375,167.91853332519531],[125.99905395507812,156.47698974609375,159.70443725585938],[133.38493347167969,154.15554809570312,149.69906616210938],[138.55342102050781,151.58456420898438,138.46017456054688],[141.94508361816406,148.89170837402344,126.58242797851562]],