{"nz":[87.43,190.2,92.09],"iz":[87.8994293,10.3060637,77.9333878],"lpa":[14.97,92.54,83.63],"rpa":[160.4,92.42,85.17],"cz":[87.4369507,88.6654892,213.074554],"cm":[[11.061282157897949,91.528854370117188,117.80552673339844],[11.078105926513672,91.014938354492188,135.140380859375],[12.994996070861816,90.502655029296875,152.38742065429688],[17.035612106323242,90.000869750976562,169.24441528320312],[26.659801483154297,89.569770812988281,183.61968994140625],[39.017120361328125,89.202896118164062,195.78204345703125],[54.156032562255859,88.9432144165039,204.28060913085938],[70.319633483886719,88.750503540039062,210.501953125],[87.43695068359375,88.665489196777344,213.07455444335938],[104.55396270751953,88.725494384765625,210.75527954101562],[120.93572235107422,88.886581420898438,205.03903198242188],[136.22825622558594,89.120361328125,196.88934326171875],[148.74369812011719,89.4688720703125,184.91744995117188],[158.26174926757812,89.892120361328125,170.4765625],[162.73971557617188,90.385345458984375,153.76177978515625],[165.13121032714844,90.892745971679688,136.60493469238281],[164.86500549316406,91.4071044921875,119.25960540771484]],"sm":[[87.350341796875,193.05355834960938,128.41098022460938],[87.321479797363281,190.02957153320312,146.54533386230469],[87.3057861328125,182.65579223632812,163.42835998535156],[87.301567077636719,172.11593627929688,178.45555114746094],[87.311111450195312,158.29945373535156,190.62471008300781],[87.335006713867188,141.83045959472656,198.86454772949219],[87.36358642578125,124.67001342773438,205.61349487304688],[87.397018432617188,106.92980194091797,210.64306640625],[87.436943054199219,88.665512084960938,213.07455444335938],[87.484237670898438,70.296295166015625,211.94918823242188],[87.5386962890625,52.840766906738281,206.12060546875],[87.596389770507812,37.250957489013672,196.39183044433594],[87.654067993164062,24.786359786987305,182.840087890625],[87.7091064453125,15.1506986618042,167.13560485839844],[87.760757446289062,7.92817497253418,150.16688537597656],[87.80792236328125,3.2316532135009766,132.3472900390625],[87.8472671508789,2.1832060813903809,113.96078491210938]],"aal":[[12.928915023803711,105.55228424072266,118.9398193359375],[15.038407325744629,119.52182769775391,120.07923126220703],[18.073991775512695,133.33039855957031,121.24176025390625],[22.956865310668945,146.59478759765625,122.43349456787109],[29.185104370117188,159.25251770019531,123.63055419921875],[37.084152221679688,170.94160461425781,124.81787109375],[47.568386077880859,180.37615966796875,125.93289184570312],[59.784584045410156,187.44660949707031,126.93472290039062],[73.347648620605469,191.40513610839844,127.75202941894531]],"apl":[[11.068132400512695,78.382408142089844,116.80921173095703],[14.179093360900879,65.617912292480469,115.96021270751953],[17.477470397949219,52.870025634765625,115.11962890625],[22.965534210205078,40.931549072265625,114.42390441894531],[30.481010437011719,30.107667922973633,113.88998413085938],[39.354068756103516,20.34227180480957,113.48808288574219],[50.124237060546875,12.729696273803711,113.32171630859375],[61.845512390136719,6.77834415435791,113.31754302978516],[74.550613403320312,3.2966158390045166,113.53812408447266]],"aar":[[163.37741088867188,106.11997222900391,120.40078735351562],[161.50750732421875,120.26765441894531,121.50640869140625],[158.40362548828125,134.21676635742188,122.62028503417969],[153.64144897460938,147.68630981445312,123.72911834716797],[146.86781311035156,160.24972534179688,124.80731201171875],[138.44966125488281,171.76455688476562,125.837158203125],[128.05160522460938,181.54118347167969,126.7728271484375],[115.57996368408203,188.50172424316406,127.53452301025391],[101.72352600097656,192.0418701171875,128.06353759765625]],"apr":[[164.27000427246094,78.804000854492188,118.31729888916016],[161.78770446777344,65.871994018554688,117.38566589355469],[157.92385864257812,53.264236450195312,116.50462341308594],[152.55085754394531,41.2342643737793,115.69574737548828],[144.93255615234375,30.46551513671875,115.02458953857422],[135.75837707519531,21.037837982177734,114.48424530029297],[125.31782531738281,13.029029846191406,114.07510375976562],[113.46736145019531,7.2081127166748047,113.85806274414062],[100.76683044433594,3.5889859199523926,113.82363891601562]],"cal_1":[[71.55322265625,106.84537506103516,208.444580078125],[56.066631317138672,106.71176147460938,202.05557250976562],[41.486602783203125,106.56004333496094,193.89100646972656],[29.413009643554688,106.3756103515625,182.25137329101562],[20.068471908569336,106.17412567138672,168.3695068359375],[14.899147987365723,105.96365356445312,152.47332763671875],[12.570775032043457,105.7552490234375,135.88861083984375]],"car_1":[[104.68333435058594,106.96554565429688,208.3643798828125],[120.09873962402344,106.94499969482422,201.98332214355469],[134.73518371582031,106.9010009765625,193.89314270019531],[146.81472778320312,106.80645751953125,182.38426208496094],[156.08061218261719,106.67377471923828,168.56462097167969],[161.54524230957031,106.50424957275391,152.84109497070312],[164.20379638671875,106.31500244140625,136.331787109375]],"cal_2":[[72.1749038696289,124.48797607421875,203.60749816894531],[57.383750915527344,124.11290740966797,198.14350891113281],[44.100387573242188,123.57632446289062,189.69189453125],[32.912384033203125,122.90184020996094,178.62374877929688],[23.9763126373291,122.13172912597656,165.67677307128906],[17.926515579223633,121.28635406494141,151.16184997558594],[15.082802772521973,120.4014892578125,135.68728637695312]],"car_2":[[103.27554321289062,124.63534545898438,203.71534729003906],[117.87666320800781,124.39677429199219,198.30403137207031],[131.28532409667969,124.00703430175781,190.30624389648438],[142.7572021484375,123.46457672119141,179.75428771972656],[152.14909362792969,122.80863189697266,167.35592651367188],[158.35404968261719,122.03000640869141,153.03739929199219],[161.2286376953125,121.17913055419922,137.70509338378906]],"cal_3":[[72.9765853881836,141.56289672851562,197.03564453125],[59.417675018310547,140.98304748535156,192.18606567382812],[47.409008026123047,140.09225463867188,184.29107666015625],[37.193950653076172,138.9732666015625,174.1278076171875],[28.875816345214844,137.6976318359375,162.37396240234375],[22.590686798095703,136.30967712402344,149.44560241699219],[19.10761833190918,134.83074951171875,135.50776672363281]],"car_3":[[101.79243469238281,141.78697204589844,197.72001647949219],[115.70830535888672,141.39457702636719,193.27340698242188],[128.29067993164062,140.68484497070312,185.8653564453125],[138.78950500488281,139.68055725097656,175.75161743164062],[147.48411560058594,138.50276184082031,164.07313537597656],[153.79472351074219,137.16505432128906,150.98884582519531],[157.59133911132812,135.71348571777344,136.94476318359375]],"cal_4":[[75.2496109008789,157.85353088378906,188.41706848144531],[62.932064056396484,157.09402465820312,184.32284545898438],[52.045982360839844,155.87812805175781,177.40959167480469],[42.619392395019531,154.35194396972656,168.56016540527344],[34.755584716796875,152.61256408691406,158.35749816894531],[28.730709075927734,150.68974304199219,146.97053527832031],[24.438699722290039,148.65701293945312,134.848388671875]],"car_4":[[100.82305908203125,158.0772705078125,188.73196411132812],[113.1861572265625,157.5201416015625,184.85964965820312],[124.23191070556641,156.48556518554688,178.15261840820312],[133.89620971679688,155.13006591796875,169.56021118164062],[141.92308044433594,153.51387023925781,159.45751953125],[147.89030456542969,151.66659545898438,148.04055786132812],[151.48078918457031,149.65087890625,135.70115661621094]],