{"nz":[85.42,196.4,91.98],"iz":[89.2921677,17.7455502,76.986496],"lpa":[13.75,106.2,84.41],"rpa":[161,106.2,84.41],"cz":[85.1282959,91.4547119,214.000671],"cm":[[10.99952507019043,102.38290405273438,117.95713806152344],[10.404407501220703,100.40911865234375,135.30389404296875],[11.170998573303223,98.454277038574219,152.48422241210938],[15.543025970458984,96.541831970214844,169.2919921875],[24.588665008544922,94.86273193359375,184.04890441894531],[36.8059196472168,93.458946228027344,196.38616943359375],[51.605445861816406,92.415176391601562,205.55955505371094],[67.851821899414062,91.72735595703125,211.60452270507812],[85.1282958984375,91.4547119140625,214.00067138671875],[102.42216491699219,91.688873291015625,211.94273376464844],[118.84149169921875,92.319992065429688,206.39602661132812],[133.91131591796875,93.312835693359375,197.67041015625],[146.35067749023438,94.702606201171875,185.45616149902344],[155.37310791015625,96.3919906616211,170.60882568359375],[160.65536499023438,98.277992248535156,154.03352355957031],[161.99934387207031,100.24559020996094,136.74113464355469],[160.9990234375,102.21060943603516,119.47126007080078]],"sm":[[84.640754699707031,199.00033569335938,129.05035400390625],[84.34625244140625,195.74383544921875,147.38931274414062],[84.14434814453125,188.82383728027344,164.74763488769531],[84.111968994140625,176.60462951660156,178.87420654296875],[84.188728332519531,161.71437072753906,190.16384887695312],[84.349693298339844,145.139404296875,198.88082885742188],[84.5555648803711,127.87538909912109,206.01211547851562],[84.815116882324219,109.89370727539062,211.14022827148438],[85.128303527832031,91.454803466796875,214.00067138671875],[85.5137710571289,72.770210266113281,213.42649841308594],[85.98028564453125,55.067794799804688,207.71832275390625],[86.488296508789062,39.322269439697266,197.89674377441406],[87.007621765136719,27.606321334838867,183.38388061523438],[87.5147705078125,18.024028778076172,167.31304931640625],[87.987846374511719,11.536289215087891,149.82003784179688],[88.4004898071289,8.99904727935791,131.37431335449219],[88.747962951660156,9.9203500747680664,112.71903228759766]],"aal":[[12.65406322479248,114.28982543945312,119.05499267578125],[14.272754669189453,127.75798034667969,120.28762054443359],[17.213945388793945,141.05718994140625,121.55349731445312],[21.783426284790039,153.83543395996094,122.83305358886719],[28.2164306640625,165.83772277832031,124.11260223388672],[36.325969696044922,176.749267578125,125.35790252685547],[46.706413269042969,185.48495483398438,126.49594116210938],[57.983383178710938,193.01791381835938,127.56169128417969],[70.811454772949219,197.58863830566406,128.425537109375]],"apl":[[11.09605598449707,87.32354736328125,116.64805603027344],[13.667338371276855,74.048789978027344,115.58432769775391],[16.936063766479492,60.870170593261719,114.55426025390625],[21.778890609741211,48.215232849121094,113.626953125],[29.369220733642578,36.947158813476562,112.92024230957031],[38.661937713623047,27.063301086425781,112.39591979980469],[49.73455810546875,19.144739151000977,112.10749816894531],[62.120124816894531,13.554305076599121,112.06961059570312],[75.4092788696289,10.795597076416016,112.31134033203125]],"aar":[[159.76751708984375,116.05401611328125,120.68222808837891],[157.91709899902344,129.64805603027344,121.88191223144531],[153.90542602539062,142.84165954589844,123.08263397216797],[149.09440612792969,155.65806579589844,124.2640380859375],[142.09718322753906,167.54945373535156,125.40177154541016],[133.88481140136719,178.58683776855469,126.48599243164062],[123.50996398925781,187.67825317382812,127.43832397460938],[111.35359954833984,194.23263549804688,128.20169067382812],[98.12677001953125,197.96694946289062,128.74005126953125]],"apr":[[160.99977111816406,89.164657592773438,118.34909057617188],[159.16818237304688,76.19036865234375,117.26315307617188],[155.65219116210938,63.558555603027344,116.23435974121094],[151.45196533203125,51.130702972412109,115.23431396484375],[144.90760803222656,39.777236938476562,114.36519622802734],[136.20877075195312,29.979372024536133,113.66521453857422],[125.97830963134766,21.753143310546875,113.12559509277344],[114.44331359863281,15.421546936035156,112.77037048339844],[101.97346496582031,11.357101440429688,112.62548828125]],"cal_1":[[67.505935668945312,109.82633972167969,208.51615905761719],[52.113517761230469,109.99734497070312,202.17640686035156],[38.159000396728516,110.33636474609375,193.23680114746094],[26.408641815185547,110.86846923828125,181.42991638183594],[17.569580078125,111.56634521484375,167.38458251953125],[12.828296661376953,112.42334747314453,151.47677612304688],[11.540613174438477,113.35317993164062,135.06204223632812]],"car_1":[[100.493896484375,110.19216156005859,209.397705078125],[116.23632049560547,110.71122741699219,203.84127807617188],[130.54838562011719,111.38371276855469,195.30992126464844],[142.59727478027344,112.20058441162109,183.77719116210938],[152.31976318359375,113.10556793212891,170.20608520507812],[158.33889770507812,114.07417297363281,154.71978759765625],[160.8179931640625,115.05333709716797,138.27415466308594]],"cal_2":[[69.068717956542969,127.69264221191406,203.62809753417969],[54.474746704101562,127.55287170410156,197.96803283691406],[41.428306579589844,127.4625244140625,189.26800537109375],[30.349056243896484,127.42118835449219,178.15623474121094],[21.592405319213867,127.42858123779297,165.15812683105469],[15.811537742614746,127.49050903320312,150.57577514648438],[13.719009399414062,127.61018371582031,135.0640869140625]],"car_2":[[100.04431915283203,128.09890747070312,204.11166381835938],[114.86198425292969,128.34561157226562,198.83154296875],[128.23483276367188,128.60104370117188,190.6171875],[139.67189025878906,128.85470581054688,179.89091491699219],[148.85983276367188,129.09710693359375,167.20785522460938],[154.93560791015625,129.31588745117188,152.66981506347656],[157.89666748046875,129.50128173828125,137.29638671875]],"cal_3":[[69.1494369506836,144.84854125976562,196.50320434570312],[56.186042785644531,144.45777893066406,191.06626892089844],[44.602809906005859,143.986572265625,183.29313659667969],[34.792652130126953,143.44331359863281,173.26560974121094],[27.3732852935791,142.85281372070312,161.39114379882812],[20.990755081176758,142.25234985351562,148.96722412109375],[17.626178741455078,141.64198303222656,135.39828491210938]],"car_3":[[97.358016967773438,145.25520324707031,197.73603820800781],[111.11044311523438,145.23072814941406,193.01658630371094],[123.94479370117188,145.11073303222656,186.29151916503906],[134.69012451171875,144.83551025390625,176.48690795898438],[142.95449829101562,144.43898010253906,164.530029296875],[149.35101318359375,143.9735107421875,151.48814392089844],[153.42393493652344,143.44084167480469,137.54023742675781]],"cal_4":[[71.6779556274414,161.35932922363281,188.34510803222656],[60.142990112304688,160.70635986328125,183.56260681152344],[49.670372009277344,159.85757446289062,176.77896118164062],[40.508430480957031,158.85107421875,168.32684326171875],[33.585781097412109,157.67303466796875,157.957763671875],[27.98265266418457,156.43290710449219,146.83140563964844],[23.632026672363281,155.15704345703125,135.20701599121094]],"car_4":[[96.854133605957031,161.80764770507812,189.46636962890625],[108.84340667724609,161.48519897460938,184.8885498046875],[120.08538055419922,160.989501953125,178.75164794921875],[129.782470703125,160.24102783203125,170.39726257324219],[137.38438415527344,159.26339721679688,160.11990356445312],[142.92979431152344,158.13224792480469,148.63580322265625],[147.21058654785156,156.92672729492188,136.60089111328125]],