{"nz":[90.21,193,94.9],"iz":[86.8667679,15.2810211,73.5893631],"lpa":[16,102.1,84],"rpa":[161,102.1,84],"cz":[86.8989563,88.1710052,215.000076],"cm":[[10.069677352905273,98.351516723632812,119.25387573242188],[9.2835712432861328,96.497329711914062,136.69221496582031],[10.988611221313477,94.640861511230469,154.15213012695312],[15.134217262268066,92.828369140625,171.19825744628906],[24.629133224487305,91.249603271484375,186.04629516601562],[37.49041748046875,89.957534790039062,198.19795227050781],[52.806396484375,89.033615112304688,206.88735961914062],[69.3607177734375,88.36444091796875,213.18081665039062],[86.898956298828125,88.171005249023438,215.00007629394531],[104.42300415039062,88.4068832397461,212.78166198730469],[120.87751770019531,89.083694458007812,206.41635131835938],[136.0872802734375,90.0369644165039,197.45098876953125],[148.95578002929688,91.32208251953125,185.36474609375],[157.74392700195312,92.94732666015625,170.07948303222656],[162.00175476074219,94.764076232910156,152.99319458007812],[162.99964904785156,96.6314926147461,135.43052673339844],[162.00123596191406,98.501937866210938,117.83905792236328]],"sm":[[89.988433837890625,199.99952697753906,130.73872375488281],[89.728401184082031,196.32548522949219,149.21395874023438],[89.378982543945312,187.296142578125,165.92320251464844],[88.985031127929688,174.82196044921875,180.20956420898438],[88.565750122070312,159.46527099609375,191.28741455078125],[88.14105224609375,142.69784545898438,200.10324096679688],[87.7176513671875,125.04475402832031,207.03338623046875],[87.300460815429688,106.85456085205078,212.28443908691406],[86.898963928222656,88.171005249023438,215.00007629394531],[86.535598754882812,69.3046875,213.57501220703125],[86.24456787109375,51.616615295410156,207.32034301757812],[86.031402587890625,35.736320495605469,196.93844604492188],[85.924125671386719,23.217885971069336,182.73281860351562],[85.8993911743164,13.703699111938477,166.3084716796875],[85.9576644897461,7.5434556007385254,148.31361389160156],[86.117401123046875,5.9998674392700195,129.42561340332031],[86.328804016113281,7.000279426574707,110.46395874023438]],"aal":[[11.90254020690918,112.81391906738281,120.78929138183594],[14.137828826904297,127.02809143066406,122.30282592773438],[17.693845748901367,140.99626159667969,123.80423736572266],[22.795024871826172,154.47880554199219,125.27070617675781],[29.82581901550293,167.08856201171875,126.66563415527344],[38.529899597167969,178.55062866210938,127.95748901367188],[49.3436164855957,188.12031555175781,129.07276916503906],[61.684654235839844,195.61691284179688,129.9864501953125],[75.593437194824219,199.45306396484375,130.53254699707031]],"apl":[[10.997831344604492,85.129112243652344,117.87705230712891],[13.012725830078125,71.77789306640625,116.49794006347656],[16.130760192871094,58.575157165527344,115.14582824707031],[20.724769592285156,45.849739074707031,113.85901641845703],[28.787691116333008,34.929359436035156,112.79734802246094],[38.232162475585938,25.158603668212891,111.87051391601562],[48.907142639160156,16.751449584960938,111.09938812255859],[61.297500610351562,11.110477447509766,110.63604736328125],[74.453964233398438,7.8507814407348633,110.43032836914062]],"aar":[[161.00163269042969,112.40774536132812,119.33810424804688],[158.81752014160156,125.90945434570312,120.83030700683594],[155.96246337890625,139.28285217285156,122.32926940917969],[151.49089050292969,152.27119445800781,123.83645629882812],[144.87684631347656,164.32598876953125,125.30986022949219],[137.17172241210938,175.63572692871094,126.73760223388672],[127.51527404785156,185.40658569335938,128.06182861328125],[116.29771423339844,193.19099426269531,129.22349548339844],[103.68600463867188,198.55537414550781,130.17170715332031]],"apr":[[162.20889282226562,85.575119018554688,116.46737670898438],[159.22215270996094,73.089706420898438,115.23899078369141],[156.50169372558594,60.170379638671875,113.95670318603516],[151.98983764648438,47.758766174316406,112.78224182128906],[144.67959594726562,36.699440002441406,111.83531188964844],[135.7015380859375,26.987821578979492,111.08119201660156],[125.44644927978516,18.656215667724609,110.511474609375],[113.70152282714844,12.44969367980957,110.21128845214844],[101.11392974853516,8.5495109558105469,110.18022155761719]],"cal_1":[[69.70538330078125,107.06332397460938,209.8778076171875],[53.890186309814453,107.46649932861328,204.25979614257812],[39.692108154296875,108.070556640625,195.33560180664062],[27.479694366455078,108.82730102539062,183.85806274414062],[18.003171920776367,109.71752166748047,170.09495544433594],[13.05671501159668,110.72904968261719,154.14561462402344],[10.991697311401367,111.76898193359375,137.58694458007812]],"car_1":[[102.97789764404297,106.93272399902344,210.19424438476562],[118.89692687988281,107.25019836425781,204.2557373046875],[133.21900939941406,107.76652526855469,195.2147216796875],[145.96585083007812,108.42244720458984,184.02047729492188],[154.97393798828125,109.28591918945312,169.69891357421875],[159.98541259765625,110.27491760253906,153.57911682128906],[161.88845825195312,111.31607055664062,136.78900146484375]],"cal_2":[[71.27960205078125,125.20502471923828,205.19578552246094],[56.553295135498047,125.41323852539062,199.64430236816406],[43.153400421142578,125.65610504150391,191.36398315429688],[31.651426315307617,125.92485809326172,180.61264038085938],[22.52577018737793,126.20954132080078,167.766357421875],[16.458225250244141,126.49814605712891,153.22125244140625],[13.830860137939453,126.77522277832031,137.73091125488281]],"car_2":[[102.75293731689453,124.96487426757812,204.68208312988281],[117.83089447021484,124.93782043457031,199.119384765625],[131.5556640625,124.96817016601562,190.73210144042969],[143.03041076660156,125.06391906738281,179.46763610839844],[151.712158203125,125.21824645996094,165.99502563476562],[157.3631591796875,125.42083740234375,151.05337524414062],[159.13430786132812,125.66976928710938,135.16456604003906]],"cal_3":[[73.312835693359375,142.82431030273438,198.54733276367188],[59.742168426513672,142.83038330078125,193.84066772460938],[47.528861999511719,142.724609375,186.27653503417969],[36.88397216796875,142.53105163574219,176.64883422851562],[28.470643997192383,142.24278259277344,164.99137878417969],[22.134954452514648,141.88829040527344,152.100341796875],[18.482807159423828,141.46920776367188,138.24237060546875]],"car_3":[[101.78494262695312,142.46511840820312,198.05238342285156],[115.23692321777344,142.13290405273438,192.955810546875],[127.76475524902344,141.745849609375,185.88475036621094],[138.19973754882812,141.28770446777344,175.93212890625],[146.2823486328125,140.79165649414062,163.99736022949219],[152.48748779296875,140.28240966796875,150.99227905273438],[155.4080810546875,139.77474975585938,136.85111999511719]],"cal_4":[[74.69036865234375,159.562744140625,189.90777587890625],[62.720546722412109,159.34742736816406,185.44952392578125],[51.663459777832031,158.93832397460938,179.03628540039062],[42.093963623046875,158.318115234375,170.58053588867188],[34.655254364013672,157.48834228515625,160.21234130859375],[28.892974853515625,156.54115295410156,148.85787963867188],[24.694423675537109,155.50729370117188,136.83245849609375]],"car_4":[[99.944564819335938,159.14675903320312,189.81451416015625],[112.04662322998047,158.58842468261719,185.85076904296875],[123.01194763183594,157.8221435546875,179.41683959960938],[132.53819274902344,156.90127563476562,171.04194641113281],[140.19363403320312,155.84916687011719,160.90518188476562],[145.66694641113281,154.70919799804688,149.4246826171875],[149.48919677734375,153.5367431640625,137.29904174804688]],