{"nz":[86.83,193.2,95],"iz":[88.38,3.225,107.3],"lpa":[15.57,99.51,84.01],"rpa":[160.5,99.51,84.01],"cz":[88.491744995117188,102.69612121582031,212.40721130371094],"cm":[[12.068428993225098,100.37482452392578,118.86154937744141],[11.368367195129395,100.80025482177734,136.00592041015625],[13.41670036315918,101.22291564941406,153.03860473632812],[19.189277648925781,101.62287902832031,169.15634155273438],[28.550615310668945,101.97891998291016,183.50448608398438],[40.900276184082031,102.27326965332031,195.36669921875],[55.409107208251953,102.49635314941406,204.35710144042969],[71.539710998535156,102.64141845703125,210.20301818847656],[88.491744995117188,102.69612121582031,212.40721130371094],[105.44077301025391,102.63059997558594,209.76678466796875],[121.56150054931641,102.48555755615234,203.92208862304688],[135.8919677734375,102.2515869140625,194.492919921875],[148.14260864257812,101.95394897460938,182.4986572265625],[157.47434997558594,101.59776306152344,168.1444091796875],[163.00909423828125,101.19564056396484,151.93963623046875],[164.76358032226562,100.77217102050781,134.874267578125],[164.16433715820312,100.34686279296875,117.73482513427734]],"sm":[[87.094512939453125,195.02191162109375,128.6339111328125],[87.252975463867188,192.51333618164062,145.46661376953125],[87.430252075195312,186.46275329589844,161.31280517578125],[87.619148254394531,177.19993591308594,175.6015625],[87.810829162597656,165.594970703125,188.07176208496094],[87.995590209960938,151.23277282714844,197.16659545898438],[88.1716079711914,135.71080017089844,204.13636779785156],[88.334770202636719,119.35647583007812,208.78585815429688],[88.491744995117188,102.69612121582031,212.40719604492188],[88.635940551757812,85.752738952636719,214.22303771972656],[88.754150390625,68.785369873046875,212.87956237792969],[88.83587646484375,52.549568176269531,207.79983520507812],[88.870590209960938,38.210838317871094,198.78836059570312],[88.865798950195312,26.031593322753906,186.99282836914062],[88.8197021484375,16.666332244873047,172.79914855957031],[88.750640869140625,9.1364040374755859,157.521484375],[88.650299072265625,4.4940242767333984,141.123779296875]],"aal":[[13.941476821899414,113.99615478515625,118.38685607910156],[16.307950973510742,127.31410217285156,118.03553771972656],[19.558259963989258,140.43685913085938,117.88297271728516],[24.146516799926758,153.15756225585938,118.03809356689453],[30.1956787109375,165.25436401367188,118.54096221923828],[38.441246032714844,175.86907958984375,119.60137939453125],[48.807918548583984,184.29707336425781,121.24848175048828],[60.6905403137207,190.35627746582031,123.36631774902344],[73.401679992675781,194.2530517578125,125.79682922363281]],"apl":[[11.219626426696777,86.249298095703125,119.58430480957031],[12.853897094726562,72.00872802734375,120.83779144287109],[15.69919490814209,57.986152648925781,122.33262634277344],[20.307792663574219,44.439918518066406,124.16873168945312],[27.144302368164062,31.990840911865234,126.40437316894531],[36.690139770507812,21.547296524047852,129.08309936523438],[48.167110443115234,13.331559181213379,132.02664184570312],[60.933422088623047,7.4729785919189453,135.09147644042969],[74.667388916015625,4.5448799133300781,138.1732177734375]],"aar":[[161.99269104003906,113.81488800048828,117.31416320800781],[159.40060424804688,127.50137329101562,116.97303009033203],[156.496826171875,141.12911987304688,116.70574951171875],[151.48112487792969,154.131591796875,116.95407867431641],[145.05345153808594,166.5013427734375,117.56159210205078],[136.45169067382812,177.35804748535156,118.75849914550781],[125.71231079101562,186.0377197265625,120.58135223388672],[113.29782104492188,191.93946838378906,122.96694946289062],[99.977920532226562,194.77577209472656,125.7620849609375]],"apr":[[164.77072143554688,86.04791259765625,118.56240081787109],[162.78030395507812,72.20294189453125,119.94158935546875],[159.10626220703125,58.762233734130859,121.67099761962891],[154.30522155761719,45.758544921875,123.62361145019531],[147.636474609375,33.612407684326172,125.93718719482422],[138.740478515625,23.068283081054688,128.64215087890625],[127.8125,14.762506484985352,131.65184020996094],[115.68426513671875,8.5572099685668945,134.78907775878906],[102.43772125244141,5.2765407562255859,137.97996520996094]],"cal_1":[[71.080642700195312,119.23484039306641,206.52949523925781],[55.916717529296875,118.89060211181641,200.587158203125],[42.536327362060547,118.34745788574219,191.35031127929688],[31.166362762451172,117.65923309326172,179.71990966796875],[21.586183547973633,116.87983703613281,166.59207153320312],[15.610744476318359,115.9793701171875,151.49208068847656],[13.465948104858398,115.01393890380859,135.35873413085938]],"car_1":[[103.77102661132812,119.2010498046875,206.396484375],[119.55306243896484,118.84262847900391,200.62550354003906],[133.65382385253906,118.27790069580078,191.39071655273438],[145.77142333984375,117.56832885742188,179.71383666992188],[155.60256958007812,116.74337005615234,166.08169555664062],[160.98892211914062,115.78558349609375,150.17532348632812],[162.68865966796875,114.78489685058594,133.504638671875]],"cal_2":[[73.252227783203125,135.50604248046875,202.31439208984375],[58.550785064697266,134.91929626464844,196.50189208984375],[45.656219482421875,134.022216796875,187.41314697265625],[34.379646301269531,132.93911743164062,176.34912109375],[25.266216278076172,131.68756103515625,163.48187255859375],[18.999740600585938,130.2989501953125,149.12425231933594],[16.365278244018555,128.81222534179688,133.66665649414062]],"car_2":[[104.41160583496094,135.50508117675781,201.64739990234375],[118.83754730224609,134.94294738769531,195.47772216796875],[132.10601806640625,134.165771484375,187.08866882324219],[142.83155822753906,133.09700012207031,175.71026611328125],[152.03800964355469,131.91009521484375,163.13124084472656],[157.8472900390625,130.54005432128906,148.71308898925781],[159.775390625,129.05810546875,133.20895385742188]],"cal_3":[[73.7555160522461,150.91253662109375,195.39164733886719],[60.462013244628906,150.08389282226562,189.68585205078125],[48.574966430664062,148.92359924316406,181.37899780273438],[37.977436065673828,147.56660461425781,171.50758361816406],[29.824848175048828,145.95317077636719,159.56083679199219],[23.416641235351562,144.22261047363281,146.63638305664062],[20.268865585327148,142.36106872558594,132.55670166015625]],"car_3":[[102.92397308349609,151.08908081054688,195.3631591796875],[116.53277587890625,150.40399169921875,189.48399353027344],[128.75369262695312,149.37486267089844,181.04072570800781],[139.429443359375,148.09356689453125,170.7431640625],[147.68513488769531,146.5367431640625,158.4539794921875],[153.240966796875,144.781982421875,144.77944946289062],[156.00044250488281,142.90333557128906,130.2901611328125]],"cal_4":[[74.854667663574219,165.16169738769531,186.20849609375],[62.607276916503906,164.24777221679688,181.46881103515625],[51.839176177978516,162.89645385742188,174.06631469726562],[42.616416931152344,161.24449157714844,164.80557250976562],[34.8746337890625,159.40238952636719,154.34213256835938],[29.146781921386719,157.37242126464844,142.66134643554688],[25.681398391723633,155.22341918945312,130.15605163574219]],"car_4":[[101.04231262207031,165.47030639648438,186.62515258789062],[113.20943450927734,164.72142028808594,181.5491943359375],[124.24104309082031,163.58970642089844,174.27340698242188],[133.81976318359375,162.14701843261719,165.23896789550781],[141.30377197265625,160.39717102050781,154.50318908691406],[146.53065490722656,158.40951538085938,142.48402404785156],[150.02444458007812,156.30575561523438,129.87234497070312]],