{"nz":[86.2,196.9,84.39],"iz":[87.2879,13.8651485,65.2658157],"lpa":[12.34,100.8,74.22],"rpa":[161.2,101.2,74.52],"cz":[85.7532806,92.4193726,213.689117],"cm":[[10.105062484741211,98.526962280273438,111.03668212890625],[8.9633140563964844,97.388656616210938,129.47257995605469],[9.1302528381347656,96.251838684082031,147.94427490234375],[11.996896743774414,95.140922546386719,166.11859130859375],[21.224626541137695,94.194198608398438,181.91651916503906],[34.483718872070312,93.439002990722656,194.78768920898438],[50.148963928222656,92.8795394897461,204.58967590332031],[67.5252914428711,92.53924560546875,210.90989685058594],[85.7532958984375,92.41937255859375,213.68911743164062],[103.979248046875,92.63922119140625,210.95059204101562],[121.42900848388672,93.058502197265625,204.93733215332031],[137.100341796875,93.703170776367188,195.18229675292969],[150.39338684082031,94.529502868652344,182.36795043945312],[159.18728637695312,95.544692993164062,166.2808837890625],[162.61676025390625,96.671218872070312,148.14060974121094],[163.93063354492188,97.8062744140625,129.76510620117188],[164.37055969238281,98.943634033203125,111.31230163574219]],"sm":[[85.884857177734375,200.9610595703125,123.02973937988281],[85.745330810546875,199.26927185058594,142.4959716796875],[85.64666748046875,191.68121337890625,160.5826416015625],[85.570480346679688,181.65353393554688,177.36795043945312],[85.555587768554688,166.58309936523438,189.51229858398438],[85.577301025390625,149.112548828125,198.47006225585938],[85.620933532714844,130.66783142089844,205.21089172363281],[85.677772521972656,111.75650024414062,210.53224182128906],[85.753280639648438,92.419357299804688,213.68911743164062],[85.868766784667969,72.945503234863281,211.68940734863281],[86.014762878417969,54.570583343505859,204.93923950195312],[86.186363220214844,39.345458984375,192.69769287109375],[86.365242004394531,26.405441284179688,177.95547485351562],[86.545448303222656,15.650728225708008,161.55963134765625],[86.721275329589844,8.5774717330932617,143.251220703125],[86.88482666015625,5.4265537261962891,123.90211486816406],[87.033355712890625,5.5625400543212891,104.30697631835938]],"aal":[[10.745889663696289,112.28590393066406,112.37562561035156],[12.482357025146484,126.49099731445312,113.78861999511719],[15.424513816833496,140.47589111328125,115.21487426757812],[19.623811721801758,154.10159301757812,116.64248657226562],[25.508079528808594,167.13313293457031,118.06111907958984],[34.010887145996094,178.59716796875,119.40395355224609],[44.469779968261719,188.34442138671875,120.63779449462891],[56.789451599121094,195.65298461914062,121.69059753417969],[70.4294662475586,199.92807006835938,122.48989105224609]],"apl":[[9.5231599807739258,84.239913940429688,109.64873504638672],[10.321056365966797,70.421714782714844,108.34513092041016],[13.568161964416504,56.953819274902344,107.14498901367188],[19.3029727935791,44.325462341308594,106.09637451171875],[27.18726921081543,32.907600402832031,105.22523498535156],[36.737297058105469,22.821247100830078,104.52940368652344],[48.074657440185547,14.794400215148926,104.08221435546875],[60.753948211669922,9.1623649597167969,103.90316009521484],[74.283195495605469,6.1816940307617188,104.00284576416016]],"aar":[[162.07533264160156,113.92539215087891,112.80287933349609],[159.81805419921875,128.23593139648438,114.228271484375],[156.43663024902344,142.33967590332031,115.66193389892578],[151.79248046875,156.07110595703125,117.09145355224609],[145.44340515136719,169.09100341796875,118.49543762207031],[136.89228820800781,180.80096435546875,119.8289794921875],[126.11442565917969,190.44770812988281,121.02067565917969],[113.40785217285156,197.47297668457031,122.00967407226562],[99.250320434570312,200.78910827636719,122.67999267578125]],"apr":[[166.65357971191406,86.270912170410156,110.04293823242188],[164.83135986328125,73.128738403320312,108.8310546875],[158.86099243164062,60.9254150390625,107.81243896484375],[153.90267944335938,48.153224945068359,106.71414184570312],[146.6187744140625,36.550056457519531,105.78568267822266],[137.60942077636719,26.252542495727539,105.02517700195312],[126.96883392333984,17.593963623046875,104.46215057373047],[114.84078216552734,11.18775463104248,104.15170288085938],[101.79237365722656,7.0549259185791016,104.08170318603516]],"cal_1":[[67.893402099609375,111.60189056396484,207.70243835449219],[51.075477600097656,111.49298858642578,202.30125427246094],[36.708499908447266,111.47755432128906,192.02163696289062],[23.90191650390625,111.50471496582031,179.86962890625],[14.485797882080078,111.60446166992188,165.10983276367188],[10.568862915039062,111.79701232910156,147.936767578125],[9.9333057403564453,112.03219604492188,130.25827026367188]],"car_1":[[102.78573608398438,111.97377014160156,208.24996948242188],[119.51123809814453,112.23565673828125,202.40452575683594],[134.55364990234375,112.52602386474609,193.14328002929688],[147.231201171875,112.8331298828125,180.78213500976562],[156.74032592773438,113.13921356201172,165.9791259765625],[160.98031616210938,113.41987609863281,148.85009765625],[162.43548583984375,113.67711639404297,131.21939086914062]],"cal_2":[[70.931678771972656,130.40998840332031,202.85629272460938],[55.113822937011719,130.04190063476562,197.82920837402344],[41.053291320800781,129.55557250976562,188.97756958007812],[28.842262268066406,129.00241088867188,177.686279296875],[18.936981201171875,128.40196228027344,164.34689331054688],[13.660758972167969,127.76872253417969,148.607421875],[11.976589202880859,127.14942169189453,132.09068298339844]],"car_2":[[103.6104736328125,130.79341125488281,202.85517883300781],[118.98439788818359,130.76089477539062,196.98893737792969],[132.74832153320312,130.59857177734375,188.06706237792969],[144.56497192382812,130.3223876953125,176.63919067382812],[153.51704406738281,129.92677307128906,162.8455810546875],[158.40986633300781,129.41802978515625,147.24850463867188],[159.94371032714844,128.84210205078125,130.88714599609375]],"cal_3":[[71.0361328125,148.71575927734375,196.22064208984375],[56.640159606933594,148.02127075195312,190.74421691894531],[43.410594940185547,147.11421203613281,182.81620788574219],[32.557395935058594,145.96621704101562,171.96258544921875],[23.544834136962891,144.68975830078125,159.46923828125],[17.437118530273438,143.30516052246094,145.40676879882812],[15.365814208984375,141.86476135253906,130.18142700195312]],"car_3":[[101.4658203125,149.13967895507812,196.55097961425781],[115.73809051513672,148.83262634277344,191.25735473632812],[129.26116943359375,148.34648132324219,184.13906860351562],[140.3148193359375,147.53170776367188,173.825439453125],[147.96353149414062,146.40924072265625,160.67166137695312],[154.01702880859375,145.19511413574219,146.75248718261719],[156.4052734375,143.82998657226562,131.7174072265625]],"cal_4":[[70.99560546875,166.1767578125,188.266357421875],[58.075870513916016,165.27604675292969,183.74856567382812],[47.0001220703125,163.847412109375,175.72808837890625],[37.338397979736328,162.19670104980469,166.17628479003906],[30.047708511352539,160.26846313476562,154.65629577636719],[24.033889770507812,158.25308227539062,142.4696044921875],[20.462678909301758,156.13301086425781,129.39999389648438]],"car_4":[[98.439208984375,166.62469482421875,188.60606384277344],[111.55841064453125,166.10678100585938,184.14350891113281],[123.06788635253906,165.07357788085938,176.57171630859375],[133.58570861816406,163.80984497070312,167.63375854492188],[141.76968383789062,162.180419921875,156.59689331054688],[147.30838012695312,160.26847839355469,144.01565551757812],[150.80348205566406,158.22738647460938,130.80355834960938]],