{"nz":[84.01,191.4,91.76],"iz":[86.42,2.942,117.5],"lpa":[13.1,92.42,85.17],"rpa":[159.8,92.42,85.17],"cz":[87.3259048461914,109.20575714111328,209.0660400390625],"cm":[[10.227222442626953,96.921112060546875,118.39289855957031],[10.17212963104248,99.196365356445312,135.18649291992188],[12.303812026977539,101.45156097412109,151.832275390625],[17.891828536987305,103.59110260009766,167.62419128417969],[27.786701202392578,105.43069458007812,181.20231628417969],[40.264629364013672,106.96035766601562,192.49276733398438],[54.852245330810547,108.11446380615234,201.01126098632812],[70.526687622070312,108.95176696777344,207.19143676757812],[87.3259048461914,109.20575714111328,209.0660400390625],[104.03192138671875,108.85588073730469,206.48367309570312],[119.81835174560547,108.02806091308594,200.37350463867188],[134.44679260253906,106.88785552978516,191.95762634277344],[146.64939880371094,105.31539154052734,180.35122680664062],[156.0150146484375,103.43003845214844,166.43536376953125],[161.57969665527344,101.290771484375,150.6453857421875],[163.84274291992188,99.040145874023438,134.03350830078125],[163.23397827148438,96.772872924804688,117.2987060546875]],"sm":[[84.665420532226562,194.66500854492188,123.96849060058594],[85.029655456542969,193.02558898925781,140.27040100097656],[85.412139892578125,187.5936279296875,155.67414855957031],[85.7951889038086,179.19496154785156,169.73196411132812],[86.163772583007812,168.28044128417969,181.94891357421875],[86.500686645507812,155.01454162597656,191.59547424316406],[86.802886962890625,140.38038635253906,198.98341369628906],[87.07635498046875,124.98503112792969,204.67361450195312],[87.325912475585938,109.20578765869141,209.0660400390625],[87.542098999023438,93.033088684082031,211.71394348144531],[87.707809448242188,76.648284912109375,211.89979553222656],[87.7989273071289,60.589126586914062,208.74169921875],[87.789596557617188,45.878604888916016,201.50302124023438],[87.706138610839844,32.914546966552734,191.59962463378906],[87.54486083984375,22.286050796508789,179.13082885742188],[87.316459655761719,14.382844924926758,164.77888488769531],[87.058380126953125,7.9475193023681641,149.71511840820312]],"aal":[[11.538545608520508,109.26645660400391,117.06051635742188],[14.383939743041992,122.98699951171875,115.92910766601562],[17.553319931030273,136.65171813964844,114.88677215576172],[22.104461669921875,149.93331909179688,114.24386596679688],[28.27678108215332,162.54197692871094,114.09967803955078],[36.356483459472656,173.98190307617188,114.593017578125],[46.71893310546875,183.36039733886719,115.93861389160156],[58.991451263427734,189.79879760742188,118.16091918945312],[72.257110595703125,193.16647338867188,121.0467529296875]],"apl":[[10.253202438354492,81.670860290527344,120.45311737060547],[12.110774993896484,68.1451416015625,122.74214935302734],[15.136091232299805,54.887851715087891,125.28900146484375],[19.997913360595703,42.303718566894531,128.20750427246094],[26.988971710205078,30.846771240234375,131.51019287109375],[36.686527252197266,21.728504180908203,135.17924499511719],[47.62994384765625,14.161916732788086,138.95298767089844],[60.012664794921875,9.3404426574707031,142.71934509277344],[73.187431335449219,7.2070732116699219,146.3231201171875]],"aar":[[161.90072631835938,111.09394073486328,115.62387847900391],[158.99630737304688,124.93116760253906,114.42723846435547],[156.08895874023438,138.77734375,113.2301025390625],[150.93318176269531,152.0064697265625,112.70664978027344],[144.49276733398438,164.6800537109375,112.59677124023438],[136.08306884765625,176.07968139648438,113.18051910400391],[125.21798706054688,184.956787109375,114.76104736328125],[112.6392822265625,191.05084228515625,117.181640625],[99.148567199707031,194.22763061523438,120.25216674804688]],"apr":[[163.32342529296875,83.380790710449219,119.16677856445312],[161.10623168945312,69.899169921875,121.64923858642578],[157.46006774902344,56.781345367431641,124.45305633544922],[152.58854675292969,44.139736175537109,127.50926971435547],[145.37870788574219,32.855110168457031,130.98381042480469],[135.93226623535156,23.503517150878906,134.76876831054688],[125.13042449951172,15.717168807983398,138.68626403808594],[113.00975036621094,10.248055458068848,142.62049865722656],[99.878089904785156,7.8144235610961914,146.3897705078125]],"cal_1":[[71.113937377929688,124.46703338623047,202.89242553710938],[55.794937133789062,123.30717468261719,197.22756958007812],[42.013290405273438,121.65914916992188,188.52291870117188],[29.917537689208984,119.67442321777344,177.67031860351562],[20.384918212890625,117.34498596191406,164.54994201660156],[14.212028503417969,114.75471496582031,149.5970458984375],[11.800353050231934,112.04624176025391,133.62982177734375]],"car_1":[[103.48435211181641,124.76474761962891,202.01185607910156],[118.83055877685547,124.00550079345703,196.22064208984375],[132.94660949707031,122.81028747558594,187.92829895019531],[144.62095642089844,121.05440521240234,176.49008178710938],[154.03128051757812,118.95972442626953,163.21583557128906],[159.64694213867188,116.48451995849609,147.98188781738281],[161.78536987304688,113.8214111328125,131.91195678710938]],"cal_2":[[72.345291137695312,139.7657470703125,196.98858642578125],[57.557884216308594,138.4725341796875,191.55621337890625],[44.028480529785156,136.69374084472656,183.54617309570312],[32.579338073730469,134.42500305175781,172.87110900878906],[23.513664245605469,131.79466247558594,160.16203308105469],[17.190584182739258,128.91175842285156,145.94723510742188],[14.698465347290039,125.86759948730469,130.6068115234375]],"car_2":[[103.46421813964844,140.22261047363281,196.86189270019531],[117.98712158203125,139.30403137207031,191.0260009765625],[130.9508056640625,137.80593872070312,182.35562133789062],[142.34523010253906,135.90994262695312,171.77827453613281],[150.92547607421875,133.52690124511719,158.93731689453125],[156.88768005371094,130.83894348144531,144.74703979492188],[158.85107421875,127.87595367431641,129.4688720703125]],"cal_3":[[73.663612365722656,154.36068725585938,189.70196533203125],[59.918560028076172,153.03443908691406,184.86907958984375],[47.367824554443359,151.16506958007812,177.50643920898438],[36.55792236328125,148.8284912109375,167.90997314453125],[28.248981475830078,146.05548095703125,156.15629577636719],[22.008159637451172,143.05621337890625,143.22206115722656],[18.808319091796875,139.89263916015625,129.30612182617188]],"car_3":[[102.51405334472656,154.86325073242188,189.62533569335938],[115.95320129394531,153.87318420410156,184.10481262207031],[128.15975952148438,152.369140625,176.38084411621094],[138.546630859375,150.32464599609375,166.38247680664062],[146.46530151367188,147.80064392089844,154.43492126464844],[152.25851440429688,144.98403930664062,141.34779357910156],[155.09115600585938,141.92315673828125,127.40520477294922]],"cal_4":[[73.543533325195312,167.57417297363281,180.10983276367188],[61.542522430419922,166.21786499023438,175.65379333496094],[50.528511047363281,164.37910461425781,169.21548461914062],[40.883995056152344,162.11215209960938,160.98056030273438],[33.351463317871094,159.42282104492188,150.91604614257812],[27.890232086181641,156.459228515625,139.61044311523438],[23.984565734863281,153.37625122070312,127.71536254882812]],"car_4":[[99.3941650390625,168.19793701171875,180.62295532226562],[111.77720642089844,167.30130004882812,176.14190673828125],[123.11800384521484,165.84152221679688,169.51301574707031],[132.9329833984375,163.85160827636719,160.90313720703125],[140.52578735351562,161.34036254882812,150.39974975585938],[145.80294799804688,158.48233032226562,138.70021057128906],[149.215576171875,155.41259765625,126.30441284179688]],