{"nz":[87.43,190.2,92.09],"iz":[94.8,2.543,119.4],"lpa":[14.97,92.54,83.63],"rpa":[160.4,92.42,85.17],"cz":[87.538337707519531,109.57914733886719,209.97142028808594],"cm":[[11.703825950622559,97.0941390991211,117.02066802978516],[11.846456527709961,99.395156860351562,133.92135620117188],[13.607754707336426,101.67472839355469,150.6915283203125],[18.708076477050781,103.85318756103516,166.77470397949219],[28.0574951171875,105.74967956542969,180.85806274414062],[40.307182312011719,107.32159423828125,192.60586547851562],[55.0341796875,108.43194580078125,201.00534057617188],[70.726730346679688,109.29208374023438,207.58334350585938],[87.538337707519531,109.57914733886719,209.97142028808594],[104.4718017578125,109.27125549316406,207.99221801757812],[120.19990539550781,108.36257171630859,201.58082580566406],[135.20475769042969,107.23588562011719,193.55635070800781],[147.68157958984375,105.64141082763672,182.05448913574219],[156.96174621582031,103.70318603515625,167.97494506835938],[162.66131591796875,101.52848815917969,152.09910583496094],[165.07585144042969,99.246170043945312,135.37832641601562],[164.38363647460938,96.948471069335938,118.49284362792969]],"sm":[[86.383636474609375,193.01689147949219,124.16143798828125],[85.983230590820312,191.4814453125,140.37742614746094],[85.764976501464844,186.29713439941406,155.77572631835938],[85.6764907836914,178.75485229492188,170.22723388671875],[85.791656494140625,167.99276733398438,182.46725463867188],[86.0589599609375,155.18769836425781,192.50953674316406],[86.499298095703125,140.43511962890625,199.48268127441406],[86.989143371582031,125.23781585693359,205.40904235839844],[87.538345336914062,109.57913970947266,209.971435546875],[88.152984619140625,93.526382446289062,212.85618591308594],[88.85931396484375,77.2171401977539,212.94573974609375],[89.645309448242188,61.248428344726562,209.75584411621094],[90.4866943359375,46.550090789794922,202.72640991210938],[91.333091735839844,33.5195426940918,193.00668334960938],[92.142982482910156,23.236797332763672,180.408447265625],[92.903480529785156,15.108707427978516,166.27304077148438],[93.613296508789062,8.681004524230957,151.33186340332031]],"aal":[[13.57874584197998,109.96623992919922,115.76895141601562],[15.915603637695312,123.46992492675781,114.55615997314453],[19.112838745117188,136.82965087890625,113.59646606445312],[23.820220947265625,149.71707153320312,113.11101531982422],[30.059112548828125,161.97952270507812,113.12650299072266],[37.753868103027344,173.31021118164062,113.66435241699219],[47.787353515625,182.37809753417969,115.14611053466797],[59.796859741210938,188.62229919433594,117.55006408691406],[72.692878723144531,192.22549438476562,120.55569458007812]],"apl":[[11.099695205688477,82.065689086914062,118.91201782226562],[13.342889785766602,68.017974853515625,121.44167327880859],[17.087434768676758,54.306034088134766,124.33268737792969],[22.235166549682617,41.189411163330078,127.52292633056641],[30.151477813720703,29.745321273803711,131.23550415039062],[40.258090972900391,20.224460601806641,135.27922058105469],[52.070449829101562,13.022116661071777,139.46859741210938],[65.16656494140625,8.5216274261474609,143.63673400878906],[78.984405517578125,7.2862591743469238,147.55413818359375]],"aar":[[162.60061645507812,111.60516357421875,116.65522766113281],[159.99407958984375,125.42742156982422,115.16932678222656],[156.89822387695312,139.15719604492188,113.82872772216797],[151.49102783203125,152.21116638183594,113.21221923828125],[144.49797058105469,164.45574951171875,113.14710235595703],[136.43017578125,176.01412963867188,113.47740173339844],[125.45011138916016,184.74560546875,115.03192138671875],[112.7977294921875,190.51860046386719,117.50018310546875],[99.3120346069336,193.08561706542969,120.69718170166016]],"apr":[[164.94523620605469,84.4220962524414,120.32040405273438],[163.28347778320312,71.335235595703125,122.83034515380859],[159.64773559570312,58.7957763671875,125.78115844726562],[155.03456115722656,46.577903747558594,128.9422607421875],[148.52174377441406,35.374000549316406,132.45077514648438],[139.94558715820312,25.774301528930664,136.25714111328125],[129.68020629882812,18.107290267944336,140.2095947265625],[118.30058288574219,12.243891716003418,144.17495727539062],[105.86253356933594,9.02873420715332,148.00497436523438]],"cal_1":[[71.777175903320312,124.76141357421875,203.41221618652344],[56.463699340820312,123.69425964355469,197.77851867675781],[42.692752838134766,122.15383911132812,189.13058471679688],[31.137624740600586,120.19522094726562,177.76641845703125],[22.046337127685547,117.93742370605469,164.40473937988281],[15.955217361450195,115.45790863037109,149.48997497558594],[13.621332168579102,112.84868621826172,133.54290771484375]],"car_1":[[104.17980194091797,125.07733154296875,203.35554504394531],[119.42013549804688,124.294677734375,197.58576965332031],[133.32867431640625,123.05591583251953,189.08549499511719],[145.18130493164062,121.37702941894531,177.99801635742188],[154.48187255859375,119.32666015625,164.7774658203125],[160.42098999023438,116.9503173828125,149.75460815429688],[162.94021606445312,114.38906097412109,133.80307006835938]],"cal_2":[[69.840080261230469,139.75210571289062,196.99729919433594],[55.500980377197266,138.50978088378906,191.39801025390625],[43.138618469238281,136.64028930664062,182.34930419921875],[32.691482543945312,134.39457702636719,171.18197631835938],[24.094085693359375,131.91387939453125,158.64739990234375],[18.610263824462891,129.16744995117188,144.49734497070312],[16.520523071289062,126.30699920654297,129.51512145996094]],"car_2":[[101.00967407226562,140.42289733886719,198.43746948242188],[116.35970306396484,139.72422790527344,193.70625305175781],[130.194580078125,138.37394714355469,185.63232421875],[141.51358032226562,136.392822265625,174.39312744140625],[150.78077697753906,134.06741333007812,161.47222900390625],[157.22833251953125,131.41632080078125,147.02003479003906],[159.77664184570312,128.50154113769531,131.4371337890625]],"cal_3":[[71.916915893554688,154.40594482421875,190.00260925292969],[58.547569274902344,152.9765625,184.47482299804688],[46.831794738769531,150.94810485839844,176.08181762695312],[36.869014739990234,148.53364562988281,165.79069519042969],[28.530561447143555,145.85270690917969,154.15773010253906],[23.2092227935791,142.89279174804688,141.02081298828125],[20.347991943359375,139.80963134765625,127.134033203125]],"car_3":[[100.82643890380859,155.10700988769531,191.0242919921875],[114.8389892578125,154.30857849121094,186.31297302246094],[127.29074859619141,152.804931640625,178.49394226074219],[137.84870910644531,150.76007080078125,168.34222412109375],[146.26907348632812,148.30386352539062,156.470703125],[151.96124267578125,145.48129272460938,143.12954711914062],[155.46363830566406,142.47674560546875,129.12139892578125]],"cal_4":[[73.272964477539062,167.20144653320312,180.23672485351562],[61.399730682373047,165.87997436523438,175.80242919921875],[50.97760009765625,163.96043395996094,168.82510375976562],[42.219375610351562,161.57623291015625,159.8299560546875],[34.702529907226562,158.97360229492188,149.85025024414062],[29.495223999023438,156.09547424316406,138.57012939453125],[25.845052719116211,153.10403442382812,126.70761108398438]],"car_4":[[99.094902038574219,168.01431274414062,181.50982666015625],[111.74198913574219,167.22010803222656,177.29092407226562],[122.89851379394531,165.66510009765625,170.09916687011719],[132.86564636230469,163.7275390625,161.44720458984375],[140.75852966308594,161.31037902832031,151.01019287109375],[146.14144897460938,158.47508239746094,139.0723876953125],[149.66548156738281,155.45252990722656,126.51994323730469]],