{"nz":[76.14,169,48.48],"iz":[78.5816498,21.1122589,19.0590172],"lpa":[15.9,84.89,32.91],"rpa":[139,94.42,32.48],"cz":[80.1010132,68.276207,141.999603],"cm":[[11.999338150024414,78.763069152832031,62.424476623535156],[11.999963760375977,75.801361083984375,77.424514770507812],[12.930184364318848,72.912284851074219,92.417930603027344],[16.843250274658203,70.349777221679688,106.91648101806641],[25.093910217285156,68.478775024414062,119.59843444824219],[36.671222686767578,67.403488159179688,129.54316711425781],[50.224460601806641,67.040725708007812,136.64700317382812],[64.956192016601562,67.3458251953125,140.826416015625],[80.10101318359375,68.276206970214844,141.99960327148438],[95.2775650024414,69.68060302734375,140.784423828125],[109.78030395507812,71.691329956054688,136.23648071289062],[122.97762298583984,74.147369384765625,128.92605590820312],[133.86802673339844,76.992729187011719,118.74742126464844],[142.01119995117188,80.062698364257812,106.36370849609375],[145.00077819824219,83.183059692382812,91.722091674804688],[144.99983215332031,86.158676147460938,76.651535034179688],[144.89340209960938,89.124969482421875,61.587158203125]],"sm":[[76.776199340820312,170.16091918945312,81.096176147460938],[77.185615539550781,165.83711242675781,96.939498901367188],[77.6406478881836,157.7921142578125,111.26102447509766],[78.105674743652344,146.03033447265625,122.304443359375],[78.56353759765625,132.48750305175781,131.18672180175781],[78.996528625488281,117.04995727539062,136.91671752929688],[79.384803771972656,100.9888916015625,139.80500793457031],[79.762374877929688,84.767303466796875,142.00099182128906],[80.101005554199219,68.276237487792969,141.99960327148438],[80.379600524902344,52.119758605957031,139.37106323242188],[80.55572509765625,37.071327209472656,132.8033447265625],[80.617630004882812,24.126375198364258,122.72612762451172],[80.56640625,13.94670295715332,109.86383819580078],[80.403564453125,7.128624439239502,94.898788452148438],[80.193496704101562,1.9345155954360962,79.247100830078125],[79.880744934082031,1.0003995895385742,62.844635009765625],[79.492218017578125,4.126439094543457,46.8175048828125]],"aal":[[13.025490760803223,91.43829345703125,65.037651062011719],[15.810368537902832,103.48210144042969,67.5152587890625],[18.814018249511719,115.54983520507812,69.997154235839844],[22.896091461181641,127.33271026611328,72.417030334472656],[27.438777923583984,138.95234680175781,74.801826477050781],[33.059341430664062,150.06584167480469,77.078941345214844],[42.187156677246094,158.6094970703125,78.815155029296875],[52.7783203125,165.31437683105469,80.1674575805664],[64.831260681152344,169.00482177734375,80.8932113647461]],"apl":[[12.998379707336426,67.912788391113281,60.181926727294922],[15.988632202148438,56.988452911376953,57.918144226074219],[18.777734756469727,46.026103973388672,55.647129058837891],[23.446136474609375,35.6771125793457,53.497085571289062],[29.80329704284668,26.344404220581055,51.551780700683594],[37.498741149902344,17.938329696655273,49.793735504150391],[47.015281677246094,11.569149017333984,48.450687408447266],[57.466583251953125,6.809999942779541,47.437171936035156],[68.567352294921875,3.9933509826660156,46.822647094726562]],"aar":[[142.31440734863281,99.8803482055664,63.907634735107422],[139.52561950683594,111.19043731689453,66.350982666015625],[135.76370239257812,122.28948974609375,68.791397094726562],[131.24162292480469,133.086669921875,71.2013168334961],[126.51468658447266,143.71955871582031,73.585952758789062],[120.05937194824219,153.42697143554688,75.852043151855469],[111.04384613037109,160.95712280273438,77.776626586914062],[100.9088134765625,167.05813598632812,79.4537124633789],[89.329193115234375,169.63151550292969,80.464996337890625]],"apr":[[144.86154174804688,76.738372802734375,59.039634704589844],[143.01370239257812,65.159477233886719,56.733871459960938],[139.16180419921875,54.063491821289062,54.610847473144531],[135.60752868652344,42.822319030761719,52.445571899414062],[130.27949523925781,32.340553283691406,50.510349273681641],[122.90274810791016,23.07923698425293,48.911506652832031],[113.74615478515625,15.469515800476074,47.726558685302734],[103.24654388427734,9.7798185348510742,46.992576599121094],[91.907524108886719,6.068089485168457,46.700534820556641]],"cal_1":[[65.111244201660156,84.041664123535156,140.50468444824219],[51.101020812988281,83.760147094726562,136.17410278320312],[38.22601318359375,83.931198120117188,129.17277526855469],[26.963283538818359,84.513580322265625,120.00531005859375],[19.042533874511719,85.7438735961914,107.78724670410156],[14.758827209472656,87.451370239257812,93.851890563964844],[13.038614273071289,89.396965026855469,79.396987915039062]],"car_1":[[93.992645263671875,86.007766723632812,139.68792724609375],[107.95901489257812,87.4725570678711,135.6785888671875],[120.54188537597656,89.268402099609375,128.71841430664062],[131.11376953125,91.346878051757812,118.86516571044922],[138.83460998535156,93.573005676269531,106.68971252441406],[142.41352844238281,95.767745971679688,92.8695297241211],[143.23220825195312,97.862655639648438,78.508140563964844]],"cal_2":[[66.024749755859375,100.27958679199219,138.54032897949219],[52.988384246826172,99.829421997070312,134.57411193847656],[40.963348388671875,99.651046752929688,128.24044799804688],[30.380104064941406,99.756988525390625,119.69696044921875],[22.660928726196289,100.27149200439453,108.52797698974609],[18.2424373626709,101.12650299072266,95.805084228515625],[16.291406631469727,102.19947814941406,82.333724975585938]],"car_2":[[92.898178100585938,102.00692749023438,137.68960571289062],[105.69819641113281,103.18501281738281,133.27168273925781],[117.66204833984375,104.49516296386719,126.78181457519531],[127.77056884765625,105.9195556640625,117.71382904052734],[134.89305114746094,107.37700653076172,106.19953918457031],[138.69313049316406,108.76721954345703,93.13818359375],[140.34837341308594,110.06210327148438,79.664230346679688]],"cal_3":[[66.267654418945312,116.37733459472656,134.95710754394531],[54.264320373535156,115.79391479492188,131.36337280273438],[43.114311218261719,115.32286071777344,125.59334564208984],[33.436065673828125,114.99818420410156,117.69474792480469],[26.540950775146484,114.90850830078125,107.20713043212891],[22.078174591064453,114.99385070800781,95.498588562011719],[19.762691497802734,115.22152709960938,83.129974365234375]],"car_3":[[90.914077758789062,117.78976440429688,134.97482299804688],[102.69345092773438,118.58559417724609,130.83767700195312],[113.7247314453125,119.38800811767578,125.00396728515625],[123.00505065917969,120.15861511230469,116.81645202636719],[129.70614624023438,120.84908294677734,106.3048095703125],[134.09046936035156,121.44052124023438,94.6335678100586],[135.76258850097656,121.89710998535156,82.254554748535156]],"cal_4":[[68.736709594726562,131.91700744628906,129.98342895507812],[58.0139274597168,131.22377014160156,126.76005554199219],[47.820556640625,130.49256896972656,121.74539184570312],[38.670726776123047,129.75282287597656,114.98989868164062],[31.391757965087891,129.03959655761719,106.24653625488281],[26.564229965209961,128.39871215820312,95.912490844726562],[24.039398193359375,127.85543060302734,84.885826110839844]],"car_4":[[90.625015258789062,133.05375671386719,129.04423522949219],[100.73655700683594,133.44554138183594,125.00706481933594],[110.26811218261719,133.76040649414062,119.73165893554688],[118.73117065429688,133.959716796875,112.87818145751953],[124.6343994140625,133.93711853027344,103.73193359375],[128.75018310546875,133.78463745117188,93.660964965820312],[130.94467163085938,133.50785827636719,83.009552001953125]],