{"nz":[86.09,196,83.61],"iz":[91.97,9.999,98.98],"lpa":[13,99.5,79.89],"rpa":[158.8,105.8,78.74],"cz":[86.0266342163086,105.88285827636719,212.59902954101562],"cm":[[10.999427795410156,100.25450134277344,114.63529205322266],[10.000205039978027,100.64002990722656,132.34811401367188],[10.946846008300781,101.11045837402344,150.0791015625],[14.941423416137695,101.70212554931641,167.35379028320312],[23.916414260864258,102.45877075195312,182.51533508300781],[36.911819458007812,103.31549072265625,194.60391235351562],[51.806205749511719,104.19276428222656,204.13735961914062],[68.568428039550781,105.06260681152344,210.01583862304688],[86.0266342163086,105.88285827636719,212.59902954101562],[103.51475524902344,106.58022308349609,210.05364990234375],[120.12038421630859,107.1474609375,203.71627807617188],[134.99113464355469,107.55831909179688,194.03013610839844],[147.92117309570312,107.82499694824219,181.86763000488281],[156.6416015625,107.83030700683594,166.45687866210938],[161.01124572753906,107.60404205322266,149.28033447265625],[162.05741882324219,107.22212982177734,131.63264465332031],[161.00028991699219,106.74958038330078,114.01222229003906]],"sm":[[85.068107604980469,201.00045776367188,119.24867248535156],[84.672935485839844,199.81520080566406,137.40292358398438],[84.464157104492188,193.84356689453125,154.488525390625],[84.419845581054688,184.19955444335938,169.85861206054688],[84.536018371582031,171.4730224609375,182.85275268554688],[84.784622192382812,156.59347534179688,193.33865356445312],[85.13677978515625,140.32656860351562,201.44683837890625],[85.562705993652344,123.29990386962891,207.54238891601562],[86.0266342163086,105.88282012939453,212.59904479980469],[86.571456909179688,87.95172119140625,215.00010681152344],[87.20947265625,69.895515441894531,213.6875],[87.920616149902344,52.846107482910156,207.9107666015625],[88.666740417480469,37.509639739990234,198.27265930175781],[89.403861999511719,24.802177429199219,185.32467651367188],[90.092254638671875,15.400798797607422,169.7747802734375],[90.7176284790039,8.874852180480957,152.82424926757812],[91.242355346679688,6.0002012252807617,134.95487976074219]],"aal":[[13.000648498535156,114.32598876953125,113.90499877929688],[14.939624786376953,127.89897918701172,113.20201110839844],[17.624078750610352,141.429931640625,112.62499237060547],[22.442037582397461,154.43399047851562,112.43914794921875],[28.802581787109375,166.70269775390625,112.56282806396484],[36.498077392578125,178.09100341796875,112.97276306152344],[46.547183990478516,187.55227661132812,113.91559600830078],[58.026054382324219,195.1295166015625,115.23590087890625],[70.993484497070312,199.54339599609375,117.03971862792969]],"apl":[[10.999277114868164,86.4102783203125,115.67813110351562],[12.820387840270996,72.259963989257812,117.04407501220703],[15.534600257873535,58.246551513671875,118.54682159423828],[20.713432312011719,44.955463409423828,120.40119934082031],[28.864715576171875,33.3212890625,122.62046813964844],[38.552326202392578,22.956951141357422,124.99716186523438],[49.9314079284668,14.694667816162109,127.49418640136719],[62.725898742675781,8.8711633682250977,130.04069519042969],[76.5615463256836,6.0007319450378418,132.5362548828125]],"aar":[[159.17529296875,119.65411376953125,113.22190093994141],[156.79747009277344,133.16207885742188,112.47684478759766],[153.23114013671875,146.35606384277344,111.96781921386719],[147.84687805175781,158.92727661132812,111.83208465576172],[141.6544189453125,171.15298461914062,111.86825561523438],[133.13890075683594,181.8753662109375,112.44236755371094],[122.69098663330078,190.7122802734375,113.51866912841797],[110.64687347412109,197.09262084960938,115.08718109130859],[97.5308609008789,200.18707275390625,117.12715148925781]],"apr":[[162.2213134765625,91.993240356445312,115.06821441650391],[161.36274719238281,80.7972183227539,116.18330383300781],[158.12141418457031,67.010002136230469,117.94053649902344],[154.81100463867188,53.252304077148438,119.70737457275391],[148.72770690917969,40.584293365478516,121.86800384521484],[140.05111694335938,29.578060150146484,124.341552734375],[129.93301391601562,19.845163345336914,126.95892333984375],[117.9539794921875,12.583904266357422,129.69071960449219],[104.74416351318359,8.0101470947265625,132.40751647949219]],"cal_1":[[69.069656372070312,122.555908203125,205.49884033203125],[53.272968292236328,121.56918334960938,199.470947265625],[38.993034362792969,120.43817138671875,190.47256469726562],[27.221416473388672,119.19126892089844,178.38412475585938],[17.868467330932617,117.90951538085938,164.45791625976562],[12.940202713012695,116.64472961425781,148.36782836914062],[11.598213195800781,115.46229553222656,131.54307556152344]],"car_1":[[102.725341796875,123.76405334472656,205.06507873535156],[118.74321746826172,123.94792175292969,199.05078125],[133.06095886230469,123.84222412109375,189.66526794433594],[145.25698852539062,123.4830322265625,177.67388916015625],[154.02664184570312,122.81732177734375,163.00166320800781],[159.18875122070312,121.9134521484375,146.76260375976562],[160.20086669921875,120.80172729492188,129.70245361328125]],"cal_2":[[69.260429382324219,139.46583557128906,199.07728576660156],[54.513313293457031,138.26397705078125,193.24725341796875],[41.284175872802734,136.802490234375,184.55955505371094],[30.351795196533203,135.12904357910156,173.17967224121094],[21.826744079589844,133.33572387695312,159.900634765625],[16.168594360351562,131.4962158203125,145.23095703125],[14.540837287902832,129.69865417480469,129.5704345703125]],"car_2":[[101.03033447265625,140.65374755859375,198.99794006347656],[116.25227355957031,140.58573913574219,193.21269226074219],[130.20161437988281,140.184326171875,184.85249328613281],[141.46963500976562,139.30238342285156,173.06919860839844],[150.15034484863281,138.10423278808594,159.31278991699219],[155.50489807128906,136.60855102539062,144.0028076171875],[157.00422668457031,134.87290954589844,127.83798980712891]],"cal_3":[[70.835868835449219,155.74740600585938,191.244873046875],[57.239963531494141,154.40695190429688,185.91891479492188],[44.924079895019531,152.72799682617188,178.13461303710938],[34.735252380371094,150.72018432617188,167.75350952148438],[27.1173095703125,148.5009765625,155.41868591308594],[21.175148010253906,146.1993408203125,142.16291809082031],[18.582967758178711,143.86529541015625,127.90956115722656]],"car_3":[[100.03568267822266,156.85655212402344,191.41171264648438],[113.91319274902344,156.54345703125,186.13954162597656],[126.52101898193359,155.78791809082031,178.34930419921875],[136.83653259277344,154.49989318847656,167.70912170410156],[144.49554443359375,152.80548095703125,155.10812377929688],[150.21099853515625,150.88153076171875,141.50418090820312],[152.66973876953125,148.70401000976562,127.05471801757812]],"cal_4":[[72.102088928222656,170.65908813476562,181.15423583984375],[59.955341339111328,169.16934204101562,176.17948913574219],[48.821037292480469,167.34336853027344,169.42152404785156],[39.897880554199219,165.03471374511719,159.97068786621094],[32.781154632568359,162.50167846679688,149.13117980957031],[27.405927658081055,159.84371948242188,137.388916015625],[24.290012359619141,157.12313842773438,124.95054626464844]],"car_4":[[98.401153564453125,171.65261840820312,181.2716064453125],[110.95571136474609,171.13987731933594,176.61601257324219],[122.32554626464844,170.07685852050781,169.54212951660156],[131.51313781738281,168.398681640625,159.91563415527344],[138.76725769042969,166.341064453125,148.81796264648438],[143.70327758789062,163.948974609375,136.53144836425781],[146.65866088867188,161.36387634277344,123.67198181152344]],