{"nz":[83.53,195.2,85.52],"iz":[89.5378723,12.5096159,77.136467],"lpa":[12.28,101.5,79.24],"rpa":[160.9,102.8,83.26],"cz":[83.9513931,94.9990463,212.894852],"cm":[[9.9789209365844727,99.563285827636719,114.59455108642578],[9.4429988861083984,98.600547790527344,132.28387451171875],[9.9714145660400391,97.649322509765625,149.96144104003906],[12.898390769958496,96.737548828125,167.36210632324219],[21.861152648925781,96.0085678100586,182.52438354492188],[34.864738464355469,95.489082336425781,194.57757568359375],[49.803993225097656,95.127372741699219,204.08050537109375],[66.399078369140625,94.957168579101562,210.35700988769531],[83.9513931274414,94.9990463256836,212.89485168457031],[101.58292388916016,95.2699966430664,211.21513366699219],[118.67253875732422,95.70526123046875,206.39613342285156],[134.17298889160156,96.328353881835938,197.80694580078125],[147.12876892089844,97.111213684082031,185.78507995605469],[156.72245788574219,98.014389038085938,170.90559387207031],[161.38430786132812,98.984573364257812,153.85720825195312],[163.17813110351562,99.9557113647461,136.24989318847656],[163.81324768066406,100.92008972167969,118.54899597167969]],"sm":[[82.602508544921875,198.9461669921875,122.62735748291016],[82.270919799804688,196.5826416015625,141.31575012207031],[82.111610412597656,189.61404418945312,158.83554077148438],[82.095535278320312,179.31475830078125,174.65589904785156],[82.2633285522461,165.38099670410156,187.35372924804688],[82.574874877929688,149.09921264648438,196.88798522949219],[82.9803466796875,131.58183288574219,203.91877746582031],[83.433792114257812,113.55117797851562,209.49736022949219],[83.951377868652344,94.9990463256836,212.89486694335938],[84.541580200195312,76.252044677734375,213.24246215820312],[85.227752685546875,58.052219390869141,208.38198852539062],[85.952377319335938,41.694877624511719,199.05693054199219],[86.663101196289062,28.835474014282227,185.2484130859375],[87.339279174804688,18.346748352050781,169.55494689941406],[87.9442367553711,11.318617820739746,152.06411743164062],[88.479042053222656,7.0775341987609863,133.71507263183594],[88.916542053222656,6.2264895439147949,114.86993408203125]],"aal":[[10.655830383300781,113.10687255859375,115.19927215576172],[12.383228302001953,126.76042938232422,115.86442565917969],[15.498143196105957,140.15750122070312,116.59254455566406],[19.639450073242188,153.24665832519531,117.36228942871094],[25.694095611572266,165.58320617675781,118.20209503173828],[33.901878356933594,176.58811950683594,119.10041046142578],[43.87530517578125,186.01156616210938,120.02615356445312],[55.569732666015625,193.20127868652344,120.94953155517578],[68.622611999511719,197.47430419921875,121.82262420654297]],"apl":[[9.9815988540649414,85.28887939453125,113.99526214599609],[10.801523208618164,71.243980407714844,113.44903564453125],[13.710966110229492,57.466632843017578,113.02510070800781],[19.137226104736328,44.522636413574219,112.76990509033203],[27.233722686767578,33.017898559570312,112.71703338623047],[36.816871643066406,22.73243522644043,112.79438781738281],[48.312889099121094,14.615165710449219,113.06443786621094],[61.316684722900391,9.2548122406005859,113.53038024902344],[75.148605346679688,6.7632060050964355,114.16081237792969]],"aar":[[161.85906982421875,116.40216064453125,119.17463684082031],[159.5093994140625,130.50665283203125,119.74559783935547],[155.65206909179688,144.23655700683594,120.30404663085938],[150.8131103515625,157.69985961914062,120.85345458984375],[143.70999145507812,170.05783081054688,121.36227416992188],[134.5938720703125,181.07098388671875,121.82045745849609],[123.58675384521484,190.14161682128906,122.20378112792969],[110.58740234375,196.03509521484375,122.4627685546875],[96.574394226074219,198.77252197265625,122.59661865234375]],"apr":[[163.65072631835938,88.674850463867188,118.05705261230469],[162.86935424804688,75.031875610351562,117.50997924804688],[159.51797485351562,61.77850341796875,116.98293304443359],[154.96505737304688,48.895915985107422,116.47284698486328],[147.74311828613281,37.209255218505859,116.01535034179688],[138.52275085449219,27.024744033813477,115.62164306640625],[128.07293701171875,18.112455368041992,115.28115081787109],[115.98400115966797,11.635088920593262,115.04134368896484],[102.85582733154297,7.669795036315918,114.90425109863281]],"cal_1":[[67.270263671875,113.22520446777344,206.94403076171875],[51.573421478271484,112.954833984375,200.72988891601562],[37.213779449462891,112.74716949462891,191.83195495605469],[25.150218963623047,112.62651062011719,180.00572204589844],[15.513275146484375,112.58367919921875,166.22502136230469],[11.079132080078125,112.68672180175781,149.95164489746094],[10.061753273010254,112.87246704101562,133.10197448730469]],"car_1":[[101.14994812011719,113.96337127685547,207.85183715820312],[117.53986358642578,114.39228820800781,202.47964477539062],[132.88493347167969,114.82952117919922,194.56488037109375],[145.71279907226562,115.25576782226562,183.03451538085938],[154.76756286621094,115.63809204101562,168.30517578125],[160.16911315917969,115.95970916748047,151.94976806640625],[161.68608093261719,116.20611572265625,134.72695922851562]],"cal_2":[[67.853439331054688,131.1160888671875,201.2230224609375],[52.877265930175781,130.54922485351562,195.53959655761719],[39.538303375244141,129.90953063964844,186.63467407226562],[28.161792755126953,129.23233032226562,175.28868103027344],[18.993312835693359,128.54461669921875,162.09858703613281],[13.771186828613281,127.88467407226562,146.93971252441406],[12.467365264892578,127.29132080078125,130.93838500976562]],"car_2":[[99.654876708984375,131.93572998046875,202.34375],[114.88922882080078,132.13134765625,197.26467895507812],[129.10490417480469,132.22016906738281,189.85383605957031],[141.06620788574219,132.13916015625,179.17861938476562],[150.183837890625,131.90017700195312,165.98939514160156],[156.48959350585938,131.53860473632812,151.27296447753906],[159.35762023925781,131.05467224121094,135.47250366210938]],"cal_3":[[67.316986083984375,148.4337158203125,193.99658203125],[54.071556091308594,147.56126403808594,188.1751708984375],[42.099868774414062,146.51803588867188,180.05291748046875],[32.152206420898438,145.3238525390625,169.62652587890625],[24.07342529296875,144.04263305664062,157.66104125976562],[17.913803100585938,142.720703125,144.66130065917969],[15.934091567993164,141.39622497558594,130.37704467773438]],"car_3":[[96.6018295288086,149.41525268554688,196.22348022460938],[111.16665649414062,149.4278564453125,191.98904418945312],[124.49751281738281,149.14927673339844,184.85397338867188],[135.78250122070312,148.55758666992188,174.81613159179688],[145.15975952148438,147.75161743164062,162.94429016113281],[151.74665832519531,146.71775817871094,149.35090637207031],[155.18177795410156,145.50253295898438,134.66705322265625]],"cal_4":[[69.220535278320312,164.60678100585938,184.74395751953125],[57.482681274414062,163.49468994140625,179.55999755859375],[46.681098937988281,162.16227722167969,172.679931640625],[37.329669952392578,160.6060791015625,163.97428894042969],[29.961519241333008,158.85919189453125,153.56036376953125],[24.327411651611328,157.01486206054688,142.12535095214844],[20.917901992797852,155.12051391601562,129.89247131347656]],"car_4":[[95.351875305175781,165.65316772460938,186.52671813964844],[108.50895690917969,165.54513549804688,183.09004211425781],[120.4656982421875,164.97804260253906,176.76571655273438],[131.36769104003906,164.1181640625,168.658935546875],[139.82192993164062,162.83969116210938,158.19676208496094],[145.2313232421875,161.191162109375,145.83282470703125],[149.11752319335938,159.41595458984375,132.91676330566406]],