{"nz":[85.2,192.5,98.63],"iz":[82.23,2.831,109],"lpa":[12.24,103.2,82.4],"rpa":[156.8,103.2,82.4],"cz":[85.4242935180664,100.89688110351562,198.11383056640625],"cm":[[8.6859817504882812,102.55394744873047,114.85945129394531],[8.691929817199707,102.23503112792969,130.88221740722656],[11.283025741577148,101.92073059082031,146.67343139648438],[17.903879165649414,101.63150024414062,161.20487976074219],[27.860668182373047,101.38218688964844,173.73092651367188],[40.398719787597656,101.18470764160156,183.65292358398438],[54.457168579101562,101.0340576171875,191.22262573242188],[69.499069213867188,100.92658233642578,196.62188720703125],[85.4242935180664,100.89688110351562,198.11383056640625],[101.26945495605469,100.93375396728516,196.26188659667969],[116.39048004150391,101.03858184814453,190.99484252929688],[130.47312927246094,101.18844604492188,183.46543884277344],[142.71365356445312,101.39266967773438,173.20474243164062],[153.03143310546875,101.63552856445312,161.0030517578125],[159.10768127441406,101.92979431152344,146.21739196777344],[162.05038452148438,102.24282836914062,130.490966796875],[161.10963439941406,102.56104278564453,114.50241088867188]],"sm":[[85.712677001953125,191.35870361328125,128.91165161132812],[85.914962768554688,187.68106079101562,143.91387939453125],[86.036537170410156,180.60568237304688,157.53610229492188],[86.085739135742188,170.91053771972656,169.51580810546875],[86.070236206054688,159.28350830078125,179.63877868652344],[85.97723388671875,145.77972412109375,187.12391662597656],[85.824676513671875,131.2054443359375,192.22990417480469],[85.635261535644531,116.14683532714844,195.69541931152344],[85.424301147460938,100.89691925048828,198.11383056640625],[85.195083618164062,85.523666381835938,199.6103515625],[84.927177429199219,70.12994384765625,198.92254638671875],[84.619171142578125,55.071098327636719,195.63267517089844],[84.268844604492188,41.297660827636719,188.71719360351562],[83.901557922363281,28.957962036132812,179.47714233398438],[83.530197143554688,19.112712860107422,167.6446533203125],[83.171524047851562,12.004137992858887,153.94432067871094],[82.826995849609375,6.5235047340393066,139.50859069824219]],"aal":[[11.200325012207031,116.0150146484375,114.67085266113281],[13.946821212768555,128.96340942382812,114.57243347167969],[17.280107498168945,141.72810363769531,114.63380432128906],[22.927091598510742,153.65567016601562,115.33201599121094],[29.173126220703125,165.24861145019531,116.20234680175781],[37.420589447021484,175.43707275390625,117.66529846191406],[47.7679443359375,183.29241943359375,119.80267333984375],[59.579216003417969,188.56344604492188,122.46891784667969],[72.15960693359375,191.12168884277344,125.49607849121094]],"apl":[[7.1657271385192871,88.85064697265625,115.31446838378906],[8.30516529083252,74.749320983886719,116.46702575683594],[10.968957901000977,60.831562042236328,117.99411010742188],[15.563140869140625,47.498188018798828,119.97396087646484],[21.676237106323242,34.845741271972656,122.29648590087891],[30.752731323242188,24.303993225097656,125.23963928222656],[41.8221321105957,15.952128410339355,128.55299377441406],[54.253662109375,9.9919366836547852,132.06451416015625],[67.627548217773438,6.7917547225952148,135.64537048339844]],"aar":[[158.9261474609375,116.43865966796875,114.31632232666016],[155.97920227050781,129.4129638671875,114.37232971191406],[152.68206787109375,142.25616455078125,114.5242919921875],[147.53340148925781,154.42787170410156,115.18231201171875],[141.405517578125,166.14109802246094,116.11347961425781],[132.86434936523438,176.1490478515625,117.74852752685547],[122.24369049072266,183.80690002441406,120.037109375],[110.4801025390625,189.31625366210938,122.73062133789062],[97.84429931640625,191.99348449707031,125.79678344726562]],"apr":[[162.12158203125,88.656951904296875,114.9874267578125],[161.38397216796875,73.982101440429688,115.95791625976562],[157.67686462402344,59.817218780517578,117.65532684326172],[152.08090209960938,46.317989349365234,119.79689025878906],[145.29612731933594,33.456073760986328,122.20639801025391],[135.61752319335938,22.79509162902832,125.23334503173828],[123.68328857421875,14.835382461547852,128.68899536132812],[110.58586120605469,9.2222328186035156,132.3148193359375],[96.5567855834961,6.5674567222595215,136.01937866210938]],"cal_1":[[69.078765869140625,116.10118103027344,193.91764831542969],[54.368919372558594,116.06419372558594,188.78402709960938],[40.975006103515625,116.03379058837891,180.84957885742188],[29.209785461425781,116.01038360595703,170.60139465332031],[19.67266845703125,115.9954833984375,158.24649047851562],[13.281306266784668,115.99143218994141,144.04891967773438],[10.973638534545898,116.00031280517578,128.65206909179688]],"car_1":[[100.00959014892578,116.18966674804688,194.06277465820312],[114.91624450683594,116.23708343505859,189.37786865234375],[128.53012084960938,116.28375244140625,181.75827026367188],[140.60163879394531,116.32821655273438,171.93281555175781],[150.35000610351562,116.36842346191406,159.73873901367188],[156.89791870117188,116.4013671875,145.62274169921875],[159.19134521484375,116.4234619140625,130.18838500976562]],"cal_2":[[71.265213012695312,131.11672973632812,190.60530090332031],[57.254924774169922,130.94676208496094,185.77549743652344],[44.3702392578125,130.71475219726562,178.41287231445312],[33.199371337890625,130.42581176757812,168.63987731933594],[24.147443771362305,130.09274291992188,156.9033203125],[17.23948860168457,129.73345947265625,143.88873291015625],[14.06456184387207,129.35064697265625,129.50523376464844]],"car_2":[[100.69304656982422,131.21421813964844,190.73127746582031],[114.53446960449219,131.12582397460938,185.60894775390625],[127.44058227539062,130.98191833496094,178.4588623046875],[138.50154113769531,130.76454162597656,168.70175170898438],[147.41940307617188,130.48825073242188,156.93511962890625],[153.83929443359375,130.16482543945312,143.65791320800781],[156.11744689941406,129.79444885253906,129.08078002929688]],"cal_3":[[72.122314453125,145.63298034667969,185.35748291015625],[58.993671417236328,145.33137512207031,180.56704711914062],[46.950950622558594,144.92045593261719,173.59867858886719],[36.536605834960938,144.39614868164062,164.33306884765625],[28.261142730712891,143.77854919433594,153.11740112304688],[21.890956878662109,143.10737609863281,140.73048400878906],[18.571598052978516,142.38766479492188,127.18212127685547]],"car_3":[[99.7977294921875,145.75077819824219,185.52433776855469],[112.80589294433594,145.54307556152344,180.55857849121094],[124.79770660400391,145.22360229492188,173.52720642089844],[135.46142578125,144.79953002929688,164.59025573730469],[143.51766967773438,144.24020385742188,153.25741577148438],[149.43154907226562,143.61085510253906,140.74380493164062],[152.39706420898438,142.9141845703125,127.16234588623047]],"cal_4":[[73.072761535644531,159.04365539550781,177.69561767578125],[61.344978332519531,158.64454650878906,173.69659423828125],[50.54986572265625,158.08248901367188,167.62142944335938],[41.026618957519531,157.38275146484375,159.755126953125],[33.5040283203125,156.53759765625,149.94644165039062],[27.650547027587891,155.614501953125,139.04994201660156],[24.571622848510742,154.62164306640625,127.08125305175781]],"car_4":[[97.721382141113281,159.23056030273438,178.08609008789062],[109.65884399414062,159.00332641601562,174.36825561523438],[120.60945129394531,158.57400512695312,168.2425537109375],[130.37799072265625,157.99734497070312,160.39637756347656],[137.64494323730469,157.21829223632812,150.25555419921875],[143.14204406738281,156.33880615234375,139.01687622070312],[146.40640258789062,155.37844848632812,126.95677185058594]],