{"nz":[90.21,193,94.9],"iz":[86.9201889,18.1206665,73.9298706],"lpa":[16,102.1,84],"rpa":[161,102.1,84],"cz":[88.3306732,85.8862457,211.966507],"cm":[[12.999216079711914,97.798393249511719,117.95028686523438],[12.000408172607422,95.6239013671875,135.11224365234375],[13.421331405639648,93.452400207519531,152.2508544921875],[17.895048141479492,91.342658996582031,168.90196228027344],[27.253860473632812,89.509925842285156,183.36668395996094],[39.9248161315918,88.030731201171875,195.04116821289062],[54.952388763427734,86.93695068359375,203.67376708984375],[71.373336791992188,86.230056762695312,209.25296020507812],[88.330680847167969,85.886245727539062,211.96650695800781],[105.24134063720703,86.25531005859375,209.05363464355469],[121.45005035400391,86.991302490234375,203.24490356445312],[136.19540405273438,88.125518798828125,194.2930908203125],[148.91412353515625,89.605575561523438,182.61178588867188],[157.8424072265625,91.446548461914062,168.08195495605469],[162.20797729492188,93.5524673461914,151.46102905273438],[163.84605407714844,95.706222534179688,134.462646484375],[162.86158752441406,97.874137878417969,117.35251617431641]],"sm":[[90.304336547851562,195.99935913085938,131.56494140625],[90.24163818359375,191.63539123535156,149.61288452148438],[90.110275268554688,183.67056274414062,166.35310363769531],[89.9038314819336,171.81854248046875,180.74481201171875],[89.6322250366211,156.68096923828125,191.51785278320312],[89.33428955078125,140.25418090820312,200.16366577148438],[89.0072250366211,122.44582366943359,205.63792419433594],[88.671707153320312,104.26628875732422,209.65629577636719],[88.330657958984375,85.886215209960938,211.96649169921875],[87.983108520507812,67.3886947631836,210.14706420898438],[87.6500473022461,49.926856994628906,203.68647766113281],[87.354354858398438,34.699947357177734,192.99423217773438],[87.1027603149414,21.991943359375,179.48011779785156],[86.905105590820312,12.295720100402832,163.71551513671875],[86.775009155273438,6.3206901550292969,146.06008911132812],[86.712509155273438,4.0003361701965332,127.72782897949219],[86.719268798828125,5.3955249786376953,109.24995422363281]],"aal":[[15.31290340423584,111.05216979980469,119.55990600585938],[18.038660049438477,124.54153442382812,121.20856475830078],[20.813045501708984,138.16494750976562,122.87419891357422],[25.601158142089844,151.1871337890625,124.52628326416016],[32.121337890625,163.42276000976562,126.13529968261719],[40.129009246826172,174.77951049804688,127.68363952636719],[50.490318298339844,184.00987243652344,129.05020141601562],[62.700145721435547,190.75259399414062,130.17872619628906],[76.102043151855469,194.47573852539062,130.98878479003906]],"apl":[[12.659090042114258,84.267196655273438,116.36371612548828],[14.279430389404297,71.1692123413086,114.88265991210938],[17.069858551025391,58.300918579101562,113.46119689941406],[21.864521026611328,46.018508911132812,112.16429138183594],[29.109607696533203,34.9053840637207,111.07243347167969],[38.213218688964844,25.245443344116211,110.20207214355469],[48.6810302734375,17.016181945800781,109.53675842285156],[60.329757690429688,10.602327346801758,109.11616516113281],[73.135421752929688,6.9758219718933105,109.05290222167969]],"aar":[[161.55023193359375,111.87245178222656,119.04902648925781],[159.89421081542969,125.35061645507812,120.69691467285156],[156.82659912109375,138.57627868652344,122.36674499511719],[152.1658935546875,151.345947265625,124.04121398925781],[146.36776733398438,163.65567016601562,125.70315551757812],[138.71110534667969,174.81639099121094,127.29784393310547],[128.634521484375,184.07208251953125,128.75680541992188],[116.79724884033203,190.89198303222656,129.99337768554688],[103.51829528808594,194.34176635742188,130.88589477539062]],"apr":[[161.09750366210938,85.095062255859375,115.91220092773438],[159.13485717773438,71.794563293457031,114.41774749755859],[156.86224365234375,58.59954833984375,112.94706726074219],[152.78157043457031,45.720729827880859,111.57982635498047],[144.93386840820312,34.678905487060547,110.56684875488281],[135.69386291503906,24.755346298217773,109.73654937744141],[124.81212615966797,16.709817886352539,109.18753051757812],[112.703369140625,10.600925445556641,108.91150665283203],[99.722915649414062,6.79232120513916,108.93830108642578]],"cal_1":[[72.537879943847656,104.37281799316406,207.23934936523438],[56.927173614501953,104.71556854248047,201.89176940917969],[42.702018737792969,105.31657409667969,193.39497375488281],[30.396839141845703,106.13822937011719,182.25677490234375],[20.886430740356445,107.16726684570312,168.70233154296875],[15.559484481811523,108.38759613037109,153.02632141113281],[13.877574920654297,109.68856811523438,136.58183288574219]],"car_1":[[104.99156951904297,104.56602478027344,206.98587036132812],[120.27014923095703,105.09114074707031,201.4161376953125],[134.09541320800781,105.84896850585938,192.82794189453125],[145.93377685546875,106.80030822753906,181.677490234375],[155.29188537597656,107.90916442871094,168.38357543945312],[160.43362426757812,109.16510009765625,152.96125793457031],[162.41107177734375,110.45519256591797,136.898193359375]],"cal_2":[[72.925834655761719,122.42574310302734,203.26974487304688],[58.560691833496094,122.50369262695312,197.90664672851562],[45.585990905761719,122.67250061035156,189.73016357421875],[34.341018676757812,122.91786956787109,179.28842163085938],[25.398338317871094,123.23622131347656,166.81130981445312],[19.302438735961914,123.61848449707031,152.70989990234375],[16.986120223999023,124.05390167236328,137.52372741699219]],"car_2":[[103.52708435058594,122.57814788818359,203.90890502929688],[118.14762878417969,122.82549285888672,198.3031005859375],[131.53755187988281,123.13916778564453,190.21810913085938],[142.73976135253906,123.52464294433594,179.28633117675781],[151.82400512695312,123.95137786865234,166.55606079101562],[157.69917297363281,124.4100341796875,152.13565063476562],[160.042236328125,124.87676239013672,136.77337646484375]],"cal_3":[[74.580970764160156,140.14376831054688,197.50787353515625],[61.278083801269531,139.98028564453125,192.47856140136719],[49.070518493652344,139.76470947265625,185.1632080078125],[38.966514587402344,139.49111938476562,175.18661499023438],[30.787052154541016,139.18365478515625,163.56813049316406],[24.281620025634766,138.85643005371094,150.92015075683594],[21.462343215942383,138.51048278808594,137.02761840820312]],"car_3":[[102.61250305175781,140.24787902832031,198.20030212402344],[115.86407470703125,140.15330505371094,192.60203552246094],[128.46492004394531,140.02366638183594,185.64340209960938],[138.9185791015625,139.81614685058594,175.75132751464844],[147.139892578125,139.5538330078125,163.88839721679688],[153.22865295410156,139.25563049316406,150.82058715820312],[155.99862670898438,138.92181396484375,136.71012878417969]],"cal_4":[[76.482795715332031,156.51100158691406,189.66203308105469],[64.654914855957031,156.15428161621094,185.46107482910156],[54.107559204101562,155.59101867675781,178.67015075683594],[44.993064880371094,154.89155578613281,170.15969848632812],[37.428428649902344,154.08732604980469,160.31771850585938],[31.409770965576172,153.19467163085938,149.34762573242188],[27.239377975463867,152.23942565917969,137.56422424316406]],"car_4":[[101.50608825683594,156.59393310546875,190.20635986328125],[113.51271820068359,156.24862670898438,185.68406677246094],[124.48806762695312,155.73187255859375,179.052734375],[133.87620544433594,155.04757690429688,170.37164306640625],[141.67642211914062,154.24423217773438,160.24234008789062],[147.21791076660156,153.32420349121094,148.70782470703125],[151.03179931640625,152.3502197265625,136.53645324707031]],