{"nz":[86.83,193.2,95],"iz":[89.159462,12.0820494,73.7545471],"lpa":[15.57,99.51,84.01],"rpa":[160.5,99.51,84.01],"cz":[87.8241119,85.4806519,214.154068],"cm":[[11.722179412841797,95.809822082519531,118.33504486083984],[10.9313383102417,93.941558837890625,135.66607666015625],[12.581657409667969,92.072006225585938,153.00909423828125],[17.335403442382812,90.265411376953125,169.76797485351562],[26.38591194152832,88.663887023925781,184.62469482421875],[39.043190002441406,87.36236572265625,196.69827270507812],[54.139961242675781,86.412651062011719,205.50831604003906],[70.496284484863281,85.733024597167969,211.8128662109375],[87.824111938476562,85.48065185546875,214.15406799316406],[105.10491943359375,85.760910034179688,211.55422973632812],[121.62641143798828,86.383193969726562,205.78150939941406],[136.54815673828125,87.363800048828125,196.6849365234375],[149.14399719238281,88.670539855957031,184.56285095214844],[158.03962707519531,90.2829818725586,169.60498046875],[163.10525512695312,92.080352783203125,152.93157958984375],[165.11265563964844,93.943412780761719,135.64881896972656],[164.5728759765625,95.821243286132812,118.22909545898438]],"sm":[[86.70245361328125,194.59715270996094,132.0606689453125],[86.691238403320312,191.1258544921875,150.4725341796875],[86.744338989257812,182.89630126953125,167.26475524902344],[86.841606140136719,171.57749938964844,182.20973205566406],[86.989250183105469,157.00523376464844,193.89701843261719],[87.173385620117188,140.27622985839844,202.37921142578125],[87.379043579101562,122.47164916992188,208.15180969238281],[87.597015380859375,104.1170654296875,212.0946044921875],[87.824104309082031,85.480712890625,214.154052734375],[88.062583923339844,66.874893188476562,212.24456787109375],[88.30242919921875,49.088809967041016,206.42575073242188],[88.524917602539062,33.912811279296875,195.45101928710938],[88.718582153320312,21.814664840698242,181.21342468261719],[88.884536743164062,12.400962829589844,164.99472045898438],[89.016731262207031,6.0181522369384766,147.37318420410156],[89.111602783203125,2.8200440406799316,128.89939880371094],[89.1637954711914,3.0797734260559082,110.23016357421875]],"aal":[[13.35850715637207,110.64389038085938,120.08499908447266],[15.712761878967285,124.11589050292969,121.70234680175781],[18.701499938964844,137.42691040039062,123.32179260253906],[23.142879486083984,150.34382629394531,124.94310760498047],[29.703716278076172,162.29888916015625,126.52290344238281],[37.613059997558594,173.40451049804688,128.04913330078125],[48.127555847167969,182.13934326171875,129.38833618164062],[59.953701019287109,189.052734375,130.56158447265625],[73.032180786132812,193.23359680175781,131.46272277832031]],"apl":[[11.034952163696289,83.168746948242188,116.86665344238281],[13.681399345397949,69.514434814453125,115.39012145996094],[17.06898307800293,55.980674743652344,113.95134735107422],[22.103019714355469,42.99072265625,112.62802124023438],[29.490621566772461,31.1811580657959,111.51580047607422],[38.839199066162109,20.809650421142578,110.63153076171875],[50.353343963623047,12.885198593139648,110.09719848632812],[62.859580993652344,6.6672725677490234,109.79017639160156],[76.529510498046875,3.6502668857574463,109.886962890625]],"aar":[[162.83389282226562,110.21823883056641,119.92235565185547],[160.50160217285156,124.079345703125,121.57467651367188],[157.44102478027344,137.80377197265625,123.23594665527344],[153.04664611816406,151.15005493164062,124.89906311035156],[146.2108154296875,163.43601989746094,126.52375793457031],[137.46275329589844,174.40579223632812,128.06320190429688],[126.76163482666016,183.52938842773438,129.45860290527344],[114.36989593505859,190.14997863769531,130.62654113769531],[100.82126617431641,193.97518920898438,131.51589965820312]],"apr":[[164.5013427734375,83.059982299804688,116.78239440917969],[161.69305419921875,70.250572204589844,115.422119140625],[158.49040222167969,57.379707336425781,114.06810760498047],[153.76564025878906,45.004188537597656,112.82147979736328],[146.95619201660156,33.632961273193359,111.75888061523438],[138.43241882324219,23.417312622070312,110.88507080078125],[127.93861389160156,15.230252265930176,110.30780029296875],[116.4271240234375,8.6140222549438477,109.94305419921875],[103.69148254394531,4.6970300674438477,109.92594909667969]],"cal_1":[[71.366806030273438,104.30857849121094,209.99380493164062],[55.514263153076172,104.75312805175781,204.18682861328125],[41.387275695800781,105.4234619140625,195.01409912109375],[29.687808990478516,106.28813934326172,182.90399169921875],[20.388027191162109,107.27874755859375,168.85545349121094],[14.541934967041016,108.37539672851562,153.11346435546875],[12.524316787719727,109.52684020996094,136.40913391113281]],"car_1":[[104.75815582275391,104.23316955566406,209.67012023925781],[120.6297607421875,104.57684326171875,203.9825439453125],[134.58212280273438,105.18003082275391,194.59246826171875],[146.67291259765625,105.94905853271484,182.8634033203125],[156.10983276367188,106.87647247314453,168.93792724609375],[162.02426147460938,107.9388427734375,153.19454956054688],[163.84822082519531,109.08073425292969,136.46604919433594]],"cal_2":[[71.871658325195312,122.51711273193359,205.95478820800781],[57.405647277832031,122.63394165039062,199.94659423828125],[44.439895629882812,122.80264282226562,191.15713500976562],[33.099006652832031,123.00954437255859,180.31207275390625],[24.284927368164062,123.25613403320312,167.31954956054688],[17.961574554443359,123.5264892578125,153.02703857421875],[15.4422607421875,123.81827545166016,137.53968811035156]],"car_2":[[102.99203491210938,122.51158142089844,205.80422973632812],[117.82515716552734,122.61268615722656,200.21290588378906],[131.3441162109375,122.76645660400391,191.83895874023438],[142.8916015625,122.96805572509766,180.94769287109375],[152.36151123046875,123.20513916015625,168.1995849609375],[158.73898315429688,123.47590637207031,153.7034912109375],[161.14537048339844,123.77061462402344,137.989990234375]],"cal_3":[[73.2125473022461,140.16984558105469,200.35433959960938],[59.801918029785156,139.94241333007812,194.68972778320312],[47.719417572021484,139.63343811035156,186.49658203125],[37.609905242919922,139.25425720214844,176.05610656738281],[28.940235137939453,138.83770751953125,164.38905334472656],[22.530750274658203,138.378173828125,151.26260375976562],[19.290987014770508,137.89234924316406,137.09677124023438]],"car_3":[[102.12335205078125,140.25904846191406,200.65377807617188],[115.54481506347656,140.10104370117188,194.87042236328125],[128.14132690429688,139.88671875,187.48046875],[138.55111694335938,139.57073974609375,177.24940490722656],[147.28677368164062,139.20013427734375,165.53302001953125],[153.76637268066406,138.77740478515625,152.45095825195312],[156.73397827148438,138.30479431152344,138.17355346679688]],"cal_4":[[74.3783187866211,156.77163696289062,192.19122314453125],[62.512855529785156,156.26594543457031,187.438720703125],[52.074676513671875,155.53266906738281,180.08248901367188],[42.775062561035156,154.67936706542969,171.32652282714844],[34.749977111816406,153.72782897949219,161.40185546875],[28.872835159301758,152.66134643554688,150.06404113769531],[24.719852447509766,151.54087829589844,138.01364135742188]],"car_4":[[100.08034515380859,156.985595703125,192.781982421875],[112.42529296875,156.65397644042969,188.28327941894531],[123.33973693847656,156.05868530273438,180.98004150390625],[133.20207214355469,155.3353271484375,172.3392333984375],[141.13934326171875,154.43780517578125,161.91291809082031],[147.12594604492188,153.41822814941406,150.27687072753906],[151.12351989746094,152.31072998046875,137.80929565429688]],