{"nz":[87.53,192.3,79.73],"iz":[87.55,6.394,101.7],"lpa":[15.96,102.1,75.29],"rpa":[161.2,102.1,75.29],"cz":[89.517532348632812,108.65511322021484,197.29689025878906],"cm":[[13.83664608001709,103.87763214111328,108.37606048583984],[13.656083106994629,104.76666259765625,124.92298889160156],[15.492744445800781,105.65064239501953,141.37611389160156],[21.249933242797852,106.48252105712891,156.85964965820312],[31.044519424438477,107.19634246826172,170.14558410644531],[43.465156555175781,107.78319549560547,181.06822204589844],[57.578544616699219,108.24806213378906,189.72064208984375],[73.02520751953125,108.56745910644531,195.66525268554688],[89.517532348632812,108.65511322021484,197.29689025878906],[105.94218444824219,108.54821014404297,195.30722045898438],[121.42250823974609,108.23516082763672,189.48049926757812],[135.75032043457031,107.78840637207031,181.16548156738281],[148.09893798828125,107.19813537597656,170.17898559570312],[157.74436950683594,106.47930145263672,156.79953002929688],[163.02076721191406,105.63812255859375,141.14306640625],[165.03068542480469,104.75558471679688,124.71699523925781],[164.40907287597656,103.86642456054688,108.16754150390625]],"sm":[[88.133872985839844,195.82034301757812,112.20024108886719],[88.432052612304688,193.83242797851562,128.65219116210938],[88.70819091796875,188.51959228515625,144.27792358398438],[88.94635009765625,179.66387939453125,158.23429870605469],[89.146202087402344,168.39228820800781,170.37762451171875],[89.298248291015625,155.05999755859375,180.14985656738281],[89.40423583984375,140.26387023925781,187.58096313476562],[89.474288940429688,124.67331695556641,193.14414978027344],[89.517532348632812,108.6551513671875,197.29689025878906],[89.530517578125,92.28839111328125,199.84248352050781],[89.497955322265625,75.75482177734375,199.92694091796875],[89.389457702636719,59.838962554931641,195.8099365234375],[89.225273132324219,44.981182098388672,188.54255676269531],[89.003097534179688,32.335289001464844,177.87115478515625],[88.739715576171875,22.432130813598633,164.64859008789062],[88.455841064453125,14.574302673339844,150.08213806152344],[88.158462524414062,8.9009628295898438,134.53376770019531]],"aal":[[15.224638938903809,116.99371337890625,107.08588409423828],[17.509632110595703,129.99263000488281,105.98847961425781],[21.010761260986328,142.74357604980469,105.1630859375],[26.088466644287109,154.96258544921875,104.71542358398438],[32.3101806640625,166.65142822265625,104.55908966064453],[40.081630706787109,177.36213684082031,104.82846832275391],[50.199859619140625,185.82257080078125,105.83436584472656],[61.812965393066406,191.98750305175781,107.41239166259766],[74.4755630493164,195.14718627929688,109.55858612060547]],"apl":[[12.883062362670898,89.880157470703125,109.85809326171875],[14.124604225158691,75.938835144042969,111.77090454101562],[16.816852569580078,62.253700256347656,113.94223785400391],[20.948163986206055,48.975753784179688,116.35171508789062],[27.659992218017578,36.892433166503906,119.13279724121094],[36.653770446777344,26.5212459564209,122.16413879394531],[47.548133850097656,18.128765106201172,125.33789825439453],[59.864051818847656,12.059186935424805,128.51748657226562],[73.264633178710938,8.8865413665771484,131.56718444824219]],"aar":[[162.72947692871094,116.13461303710938,107.03218841552734],[160.58815002441406,129.65278625488281,105.83837127685547],[156.929931640625,142.8836669921875,104.97763061523438],[151.71153259277344,155.58686828613281,104.48722839355469],[144.91702270507812,167.54106140136719,104.39675903320312],[136.88986206054688,178.70280456542969,104.64374542236328],[126.17018127441406,187.20326232910156,105.73904418945312],[113.83609008789062,193.00018310546875,107.47538757324219],[100.62315368652344,195.76632690429688,109.74700927734375]],"apr":[[165.1104736328125,88.7131118774414,109.84033966064453],[163.99325561523438,74.929855346679688,111.70758056640625],[160.51727294921875,61.574111938476562,113.98828125],[155.44854736328125,48.781032562255859,116.51539611816406],[148.389892578125,37.067325592041016,119.30544281005859],[139.23846435546875,26.941585540771484,122.31787109375],[128.51356506347656,18.539821624755859,125.43415832519531],[116.24463653564453,12.63361930847168,128.5562744140625],[102.90545654296875,9.6636257171630859,131.53829956054688]],"cal_1":[[74.084396362304688,124.58558654785156,191.26742553710938],[59.063209533691406,124.13957214355469,185.611572265625],[45.3141975402832,123.43894958496094,177.33168029785156],[33.596027374267578,122.47428894042969,166.37478637695312],[24.0849552154541,121.31689453125,153.50799560546875],[17.947990417480469,119.96196746826172,138.75247192382812],[15.555154800415039,118.49155426025391,123.00123596191406]],"car_1":[[105.77256774902344,124.39183044433594,191.15835571289062],[120.69741058349609,123.77113342285156,185.48860168457031],[134.20947265625,122.89547729492188,177.02633666992188],[145.96990966796875,121.81459045410156,166.2784423828125],[155.49897766113281,120.56170654296875,153.56846618652344],[161.02392578125,119.12533569335938,138.66506958007812],[163.07032775878906,117.62612152099609,122.88105010986328]],"cal_2":[[74.4652099609375,140.0147705078125,185.370849609375],[60.264373779296875,139.34030151367188,179.84687805175781],[47.3106803894043,138.34269714355469,171.81735229492188],[36.17633056640625,137.04006958007812,161.43438720703125],[27.446319580078125,135.46919250488281,148.99525451660156],[21.151897430419922,133.72434997558594,135.23846435546875],[18.217460632324219,131.8350830078125,120.41087341308594]],"car_2":[[104.68843078613281,139.98748779296875,185.68734741210938],[119.09825134277344,139.32113647460938,180.72837829589844],[131.84027099609375,138.22808837890625,172.40267944335938],[143.03672790527344,136.88592529296875,162.10188293457031],[151.77497863769531,135.28736877441406,149.75245666503906],[157.6829833984375,133.49136352539062,135.809326171875],[160.34049987792969,131.57827758789062,120.89353179931641]],"cal_3":[[75.526275634765625,154.73663330078125,178.27313232421875],[62.413387298583984,153.90133666992188,173.25267028808594],[50.38909912109375,152.70787048339844,166.02801513671875],[40.221378326416016,151.13783264160156,156.48036193847656],[32.012062072753906,149.29020690917969,145.21560668945312],[26.164670944213867,147.221435546875,132.57701110839844],[22.545125961303711,145.04083251953125,119.23567199707031]],"car_3":[[103.62989807128906,154.85374450683594,178.77522277832031],[117.03843688964844,154.05239868164062,173.75912475585938],[129.1241455078125,152.82621765136719,166.148681640625],[139.45384216308594,151.25053405761719,156.40890502929688],[147.47817993164062,149.34440612792969,144.66079711914062],[153.16514587402344,147.235107421875,131.68505859375],[155.963134765625,144.97178649902344,117.78718566894531]],"cal_4":[[77.791839599609375,167.98472595214844,168.63742065429688],[65.813491821289062,167.1314697265625,164.67864990234375],[54.674797058105469,165.88533020019531,158.72726440429688],[45.085304260253906,164.22550964355469,150.65994262695312],[37.347515106201172,162.21481323242188,140.7833251953125],[31.874490737915039,159.9534912109375,129.58946228027344],[28.030948638916016,157.56690979003906,117.723876953125]],"car_4":[[102.75109100341797,168.25103759765625,169.3055419921875],[114.26417541503906,167.37879943847656,164.62356567382812],[125.16918182373047,166.2496337890625,158.66929626464844],[134.42413330078125,164.65554809570312,150.427734375],[141.58908081054688,162.69119262695312,140.38510131835938],[146.64912414550781,160.48634338378906,129.19281005859375],[149.72311401367188,158.13970947265625,117.34258270263672]],