{"nz":[85.42,196.4,91.98],"iz":[89.3,11.94,104.6],"lpa":[13.75,106.2,84.41],"rpa":[161,106.2,84.41],"cz":[85.349906921386719,105.80087280273438,212.2774658203125],"cm":[[11.624356269836426,106.09695434570312,117.42439270019531],[10.780537605285645,106.04372406005859,134.47496032714844],[12.292725563049316,105.99066925048828,151.47380065917969],[16.744295120239258,105.939208984375,167.95857238769531],[25.793842315673828,105.89427947998047,182.35464477539062],[37.980815887451172,105.85678863525391,194.36306762695312],[52.475242614746094,105.82830047607422,203.49114990234375],[68.52825927734375,105.80976104736328,209.43060302734375],[85.349906921386719,105.80087280273438,212.2774658203125],[102.31541442871094,105.80772399902344,210.08352661132812],[118.39155578613281,105.82588958740234,204.26408386230469],[132.86605834960938,105.85417175292969,195.20263671875],[145.17648315429688,105.89115905761719,183.35575866699219],[154.59352111816406,105.93569946289062,169.08319091796875],[159.99966430664062,105.9862060546875,152.90411376953125],[161.99850463867188,106.03908538818359,135.9622802734375],[160.79534912109375,106.09231567382812,118.90846252441406]],"sm":[[84.7705078125,199.00100708007812,126.1500244140625],[84.523056030273438,196.86112976074219,143.18582153320312],[84.367172241210938,191.18685913085938,159.46879577636719],[84.33111572265625,181.70027160644531,173.72293090820312],[84.411262512207031,168.98690795898438,185.40713500976562],[84.581100463867188,154.27098083496094,194.48191833496094],[84.789665222167969,138.83453369140625,202.24456787109375],[85.054718017578125,122.50193786621094,207.89459228515625],[85.34991455078125,105.80088043212891,212.2774658203125],[85.700531005859375,88.677894592285156,214.00042724609375],[86.098716735839844,71.515495300292969,213.02742004394531],[86.552436828613281,55.233100891113281,207.71707153320312],[87.030967712402344,40.469306945800781,199.02674865722656],[87.505523681640625,29.342567443847656,185.89849853515625],[87.965492248535156,19.952175140380859,171.38552856445312],[88.391792297363281,13.101137161254883,155.55770874023438],[88.772048950195312,9.0609836578369141,138.78268432617188]],"aal":[[13.348405838012695,118.86517333984375,116.97071838378906],[14.831354141235352,131.91305541992188,116.4517822265625],[18.359098434448242,144.60165405273438,116.36102294921875],[23.103775024414062,156.83512878417969,116.54013061523438],[29.189918518066406,168.46348571777344,117.02317810058594],[37.330165863037109,178.7171630859375,117.99954986572266],[47.548576354980469,186.77919006347656,119.52495574951172],[58.786773681640625,193.376220703125,121.34403228759766],[70.985336303710938,197.70484924316406,123.49509429931641]],"apl":[[11.001350402832031,91.567955017089844,118.20632171630859],[12.591189384460449,77.350715637207031,119.407958984375],[15.799817085266113,63.35882568359375,120.91679382324219],[20.036933898925781,49.717689514160156,122.60789489746094],[27.397636413574219,37.554496765136719,124.82675170898438],[37.087844848632812,27.210542678833008,127.39453125],[48.607692718505859,18.944053649902344,130.1959228515625],[61.2064208984375,12.629151344299316,133.08978271484375],[75.016036987304688,9.547210693359375,136.02244567871094]],"aar":[[159.00065612792969,119.05589294433594,118.32199096679688],[156.92776489257812,132.42343139648438,117.75749206542969],[153.19120788574219,145.517578125,117.51370239257812],[148.083984375,158.049560546875,117.55777740478516],[141.30526733398438,169.84414672851562,117.95659637451172],[132.99105834960938,180.54118347167969,118.71082305908203],[122.20035552978516,188.72615051269531,120.09044647216797],[110.2113037109375,194.84664916992188,121.83238983154297],[97.225296020507812,197.99935913085938,123.96369934082031]],"apr":[[161.00086975097656,91.929237365722656,119.86724853515625],[159.71563720703125,78.349578857421875,121.05513763427734],[156.71624755859375,65.071098327636719,122.53244781494141],[152.78007507324219,52.048393249511719,124.1614990234375],[146.40560913085938,40.123027801513672,126.15518951416016],[137.4676513671875,30.001655578613281,128.48651123046875],[127.16041564941406,21.424324035644531,130.95738220214844],[115.38540649414062,14.90510082244873,133.5494384765625],[102.68486022949219,10.533442497253418,136.15818786621094]],"cal_1":[[69.430221557617188,122.38409423828125,205.268798828125],[53.863498687744141,122.14633941650391,199.58660888671875],[39.969398498535156,121.77653503417969,190.50015258789062],[28.181123733520508,121.30659484863281,178.81146240234375],[19.286739349365234,120.75022125244141,164.85150146484375],[13.641452789306641,120.13442993164062,149.29969787597656],[12.386524200439453,119.48741149902344,132.84620666503906]],"car_1":[[101.98648834228516,122.42472076416016,205.51945495605469],[117.28789520263672,122.20855712890625,199.64408874511719],[131.33029174804688,121.89085388183594,191.21206665039062],[143.01800537109375,121.45103454589844,179.72601318359375],[152.01478576660156,120.92189788818359,166.02877807617188],[157.89891052246094,120.33251190185547,150.87184143066406],[159.99882507324219,119.69794464111328,134.6549072265625]],"cal_2":[[70.271347045898438,138.60789489746094,199.883544921875],[55.841545104980469,138.10858154296875,194.03848266601562],[42.757129669189453,137.41529846191406,185.66813659667969],[32.047813415527344,136.505615234375,174.44779968261719],[23.322973251342773,135.47352600097656,161.59262084960938],[17.090969085693359,134.34724426269531,147.44328308105469],[14.978656768798828,133.14671325683594,132.19483947753906]],"car_2":[[100.89600372314453,138.69834899902344,199.91546630859375],[115.3690185546875,138.30780029296875,194.39923095703125],[128.57783508300781,137.71829223632812,186.38958740234375],[139.711669921875,136.90771484375,175.6337890625],[148.44485473632812,135.93142700195312,162.85060119628906],[154.2947998046875,134.82951354980469,148.56948852539062],[157.02281188964844,133.65048217773438,133.41812133789062]],"cal_3":[[70.847129821777344,153.94255065917969,192.38662719726562],[57.618667602539062,153.22219848632812,186.96969604492188],[45.671451568603516,152.23399353027344,179.23745727539062],[36.082637786865234,150.93232727050781,168.75355529785156],[28.387046813964844,149.46578979492188,156.79115295410156],[22.263263702392578,147.90849304199219,143.98863220214844],[18.805980682373047,146.25721740722656,130.26603698730469]],"car_3":[[99.10992431640625,154.19131469726562,193.10563659667969],[112.54244995117188,153.66450500488281,188.02149963378906],[124.87348937988281,152.85694885253906,180.62884521484375],[135.3453369140625,151.75634765625,170.86187744140625],[142.93240356445312,150.36030578613281,158.74949645996094],[149.04043579101562,148.85476684570312,145.7879638671875],[152.55990600585938,147.22891235351562,131.94012451171875]],"cal_4":[[71.29034423828125,168.52125549316406,183.2996826171875],[59.882587432861328,167.61138916015625,178.47958374023438],[49.724201202392578,166.33837890625,171.4495849609375],[40.838356018066406,164.81546020507812,162.87820434570312],[34.398487091064453,163.00466918945312,152.48291015625],[29.07850456237793,161.09080505371094,141.42269897460938],[25.017284393310547,159.10177612304688,129.85568237304688]],"car_4":[[96.566734313964844,168.89985656738281,184.2923583984375],[108.84017944335938,168.26799011230469,179.9483642578125],[120.12664794921875,167.26689147949219,173.46878051757812],[129.77969360351562,165.87539672851562,164.76022338867188],[137.22270202636719,164.15670776367188,154.2247314453125],[142.3929443359375,162.20632934570312,142.43075561523438],[146.42242431640625,160.17204284667969,130.19674682617188]],