{"nz":[80.79,180,64.72],"iz":[82.0921707,17.3124237,54.1166115],"lpa":[12.48,92.83,59.01],"rpa":[150.5,92.26,59.03],"cz":[82.7075272,82.4467468,175.001],"cm":[[8.9957237243652344,90.080184936523438,90.772796630859375],[9.0006732940673828,88.66741943359375,107.00653076171875],[10.7173490524292,87.265411376953125,123.03581237792969],[14.794529914855957,85.888641357421875,138.66331481933594],[23.732027053833008,84.678169250488281,152.14996337890625],[36.307651519775391,83.736991882324219,162.37002563476562],[50.8271484375,83.045707702636719,169.62655639648438],[66.623344421386719,82.647254943847656,173.45796203613281],[82.707527160644531,82.446746826171875,175.00100708007812],[98.86651611328125,82.514251708984375,173.46070861816406],[114.57926940917969,82.79656982421875,169.47325134277344],[128.79267883300781,83.413291931152344,161.71412658691406],[140.97915649414062,84.294227600097656,151.01486206054688],[150.10458374023438,85.413856506347656,137.7174072265625],[153.99934387207031,86.757720947265625,122.09091186523438],[155.89752197265625,88.138809204101562,106.13107299804688],[155.84063720703125,89.548416137695312,89.936141967773438]],"sm":[[81.107818603515625,181.999267578125,99.105133056640625],[81.292449951171875,180.00323486328125,116.28121185302734],[81.5067367553711,173.17788696289062,132.21897888183594],[81.732894897460938,162.00543212890625,145.52082824707031],[81.95513916015625,148.40359497070312,156.26826477050781],[82.164604187011719,132.96696472167969,164.07722473144531],[82.360244750976562,116.43972778320312,169.50149536132812],[82.541702270507812,99.543998718261719,173.1435546875],[82.70751953125,82.446739196777344,175.00100708007812],[82.847503662109375,65.1130599975586,173.99951171875],[82.956352233886719,48.299144744873047,170.26300048828125],[82.991714477539062,33.686592102050781,160.93792724609375],[82.993171691894531,20.659034729003906,149.53800964355469],[82.925323486328125,11.716697692871094,134.64984130859375],[82.8286361694336,4.90073823928833,118.68523406982422],[82.700027465820312,0.99940222501754761,102.02972412109375],[82.521598815917969,2.106795072555542,84.702896118164062]],"aal":[[10.961244583129883,102.99093627929688,91.834060668945312],[14.218656539916992,115.42498779296875,92.874359130859375],[17.290975570678711,127.85720825195312,93.91204833984375],[21.914926528930664,139.87132263183594,94.93695068359375],[27.705446243286133,151.34979248046875,95.93450927734375],[34.659622192382812,162.15531921386719,96.893669128417969],[43.8563232421875,171.06600952148438,97.730880737304688],[55.160594940185547,177.10537719726562,98.3660888671875],[67.430953979492188,181.03216552734375,98.8448486328125]],"apl":[[9.0008726119995117,77.532257080078125,89.7669448852539],[11.865091323852539,64.8851547241211,88.791374206542969],[15.51270580291748,52.417873382568359,87.840667724609375],[20.263069152832031,40.283687591552734,86.931411743164062],[27.181293487548828,29.302886962890625,86.143585205078125],[36.139209747314453,19.910812377929688,85.510360717773438],[46.932788848876953,12.712776184082031,85.077568054199219],[58.525848388671875,6.8309974670410156,84.760955810546875],[70.993415832519531,3.14206600189209,84.631843566894531]],"aar":[[154.0009765625,102.86687469482422,91.043853759765625],[151.10964965820312,115.89692687988281,92.153640747070312],[147.14265441894531,128.57998657226562,93.26141357421875],[142.49343872070312,141.12059020996094,94.374092102050781],[136.50048828125,153.08517456054688,95.472854614257812],[128.74488830566406,163.9698486328125,96.527450561523438],[118.52169799804688,172.48564147949219,97.451766967773438],[106.39312744140625,178.08151245117188,98.1883773803711],[93.664344787597656,181.81710815429688,98.790725708007812]],"apr":[[155.50717163085938,77.165679931640625,88.955070495605469],[152.84687805175781,65.055793762207031,88.051345825195312],[148.92878723144531,53.125064849853516,87.191970825195312],[144.16806030273438,41.506629943847656,86.377677917480469],[137.60902404785156,30.811023712158203,85.680023193359375],[129.40316772460938,21.283039093017578,85.1149673461914],[119.20738220214844,13.940462112426758,84.771987915039062],[108.12081909179688,8.0376596450805664,84.565269470214844],[96.193443298339844,4.3222570419311523,84.553359985351562]],"cal_1":[[65.91436767578125,99.631912231445312,171.46122741699219],[51.148731231689453,99.827850341796875,167.12242126464844],[37.6041259765625,100.14813232421875,159.75006103515625],[25.848766326904297,100.57361602783203,149.79034423828125],[17.796442031860352,101.12620544433594,136.66471862792969],[13.056255340576172,101.73738098144531,122.03717041015625],[11.042407989501953,102.37078857421875,106.80142974853516]],"car_1":[[96.636489868164062,99.6030044555664,171.34648132324219],[111.87882995605469,99.741500854492188,167.59991455078125],[125.73600769042969,100.03456115722656,160.15910339355469],[137.47259521484375,100.45481872558594,149.70440673828125],[146.4058837890625,100.97494506835938,136.91311645507812],[151.6484375,101.58076477050781,122.15065002441406],[153.99862670898438,102.21874237060547,106.68888854980469]],"cal_2":[[68.32403564453125,116.37594604492188,168.05596923828125],[54.264152526855469,116.2841796875,163.85643005371094],[41.196735382080078,116.17071533203125,157.17144775390625],[29.980140686035156,116.03530883789062,147.67988586425781],[21.702655792236328,115.88423156738281,135.62542724609375],[16.860258102416992,115.72755432128906,121.83259582519531],[14.30718994140625,115.57241058349609,107.39739990234375]],"car_2":[[97.169204711914062,116.46871948242188,167.24649047851562],[110.94329833984375,116.47178649902344,162.78768920898438],[123.66389465332031,116.4476318359375,156.0064697265625],[134.60514831542969,116.3912353515625,146.65626525878906],[142.88206481933594,116.30104064941406,134.89303588867188],[148.00108337402344,116.18209075927734,121.38041687011719],[150.79136657714844,116.04786682128906,107.16616821289062]],"cal_3":[[69.479324340820312,132.80194091796875,162.73902893066406],[56.837661743164062,132.44187927246094,158.50245666503906],[44.922176361083984,131.97598266601562,152.63055419921875],[34.638004302978516,131.34747314453125,144.20217895507812],[26.764825820922852,130.58387756347656,133.55752563476562],[21.596010208129883,129.72447204589844,121.25302124023438],[18.398181915283203,128.83375549316406,108.31085205078125]],"car_3":[[95.8299560546875,132.927490234375,162.29356384277344],[108.36354064941406,132.71005249023438,157.96774291992188],[120.13153839111328,132.360595703125,151.74893188476562],[130.59368896484375,131.86978149414062,143.54598999023438],[138.20611572265625,131.18215942382812,132.671875],[143.74458312988281,130.40229797363281,120.61009216308594],[146.3665771484375,129.54287719726562,107.62284851074219]],"cal_4":[[69.460403442382812,147.9791259765625,154.02876281738281],[58.411888122558594,147.38111877441406,150.31410217285156],[47.983726501464844,146.5809326171875,144.97171020507812],[38.606834411621094,145.58616638183594,138.02413940429688],[31.394248962402344,144.33807373046875,128.91864013671875],[26.503696441650391,142.9244384765625,118.32568359375],[23.56791877746582,141.44606018066406,107.06120300292969]],"car_4":[[92.97027587890625,148.33964538574219,154.82981872558594],[104.656494140625,148.00059509277344,151.19155883789062],[115.32408142089844,147.38334655761719,145.47312927246094],[125.14836120605469,146.56327819824219,138.24716186523438],[132.92491149902344,145.44734191894531,128.89149475097656],[138.24214172363281,144.10163879394531,117.95596313476562],[140.76995849609375,142.61367797851562,106.15077209472656]],