{"nz":[86.2,196.9,84.39],"iz":[89.35,6.427,99.75],"lpa":[12.34,100.8,74.22],"rpa":[161.2,101.2,74.52],"cz":[85.718124389648438,109.51248168945312,211.19120788574219],"cm":[[9.9845781326293945,103.04828643798828,110.44220733642578],[9.5032548904418945,104.17570495605469,128.57725524902344],[9.7957801818847656,105.30317687988281,146.68133544921875],[13.003093719482422,106.414794921875,164.41064453125],[22.350704193115234,107.39289855957031,179.74221801757812],[35.652870178222656,108.19709777832031,192.11642456054688],[50.584274291992188,108.88105773925781,202.4915771484375],[67.826622009277344,109.27925109863281,208.17991638183594],[85.718124389648438,109.51248168945312,211.19120788574219],[103.679931640625,109.39517974853516,208.56710815429688],[120.86758422851562,109.0684814453125,202.61027526855469],[136.23922729492188,108.50670623779297,192.95097351074219],[149.20530700683594,107.74625396728516,180.1982421875],[158.4599609375,106.80561828613281,164.70339965820312],[162.31561279296875,105.71318817138672,146.99180603027344],[163.8575439453125,104.59222412109375,128.91668701171875],[163.69477844238281,103.46102905273438,110.74716949462891]],"sm":[[85.55926513671875,201.0870361328125,119.56620025634766],[85.285682678222656,200.32980346679688,137.40725708007812],[85.115547180175781,194.61976623535156,154.30851745605469],[84.999931335449219,186.63645935058594,170.34104919433594],[84.977310180664062,175.42630004882812,184.17259216308594],[85.113334655761719,159.87960815429688,192.949951171875],[85.2838134765625,143.63987731933594,200.35565185546875],[85.4860610961914,126.79216003417969,206.45986938476562],[85.718124389648438,109.51246643066406,211.19119262695312],[85.992950439453125,91.8145751953125,213.72767639160156],[86.3387451171875,74.049690246582031,211.92910766601562],[86.732460021972656,57.143379211425781,206.20079040527344],[87.156661987304688,42.540008544921875,196.02476501464844],[87.584831237792969,30.3533935546875,182.92417907714844],[88.006301879882812,19.67967414855957,168.56291198730469],[88.405189514160156,11.802742958068848,152.50495910644531],[88.772384643554688,6.6912775039672852,135.35208129882812]],"aal":[[11.410120010375977,116.46327972412109,109.71743011474609],[13.322415351867676,130.39833068847656,109.06005859375],[16.304336547851562,144.14767456054688,108.65380859375],[21.056884765625,157.41061401367188,108.67716979980469],[27.390094757080078,169.98493957519531,109.10376739501953],[35.457611083984375,181.44366455078125,110.00071716308594],[45.9841423034668,190.59603881835938,111.62078857421875],[58.13995361328125,197.20915222167969,113.79832458496094],[71.454338073730469,200.809326171875,116.46597290039062]],"apl":[[9.1458539962768555,87.773910522460938,111.44105529785156],[9.8769941329956055,73.0672607421875,112.74333190917969],[12.81136417388916,58.695518493652344,114.50726318359375],[17.847209930419922,45.026168823242188,116.68182373046875],[25.351282119750977,32.562858581542969,119.30915069580078],[35.450965881347656,22.194923400878906,122.34846496582031],[46.968929290771484,13.5820894241333,125.56557464599609],[60.2291145324707,7.9365863800048828,128.93817138671875],[74.521400451660156,6.3265562057495117,132.22627258300781]],"aar":[[161.56846618652344,117.13829040527344,110.05238342285156],[159.03494262695312,131.17649841308594,109.41608428955078],[155.86021423339844,145.07806396484375,108.93170928955078],[150.98112487792969,158.48448181152344,108.86232757568359],[144.46287536621094,171.1849365234375,109.21156311035156],[136.17091369628906,182.70208740234375,110.04934692382812],[125.35685729980469,191.82403564453125,111.64225006103516],[112.84733581542969,198.169677734375,113.84169006347656],[99.162666320800781,200.88897705078125,116.60590362548828]],"apr":[[166.37103271484375,89.1494140625,111.37542724609375],[163.26318359375,76.1824951171875,113.15545654296875],[159.44625854492188,62.59674072265625,115.14315032958984],[155.144775390625,49.177394866943359,117.22278594970703],[148.16140747070312,37.0270881652832,119.78170776367188],[139.31219482421875,26.22796630859375,122.63433837890625],[128.58551025390625,17.442073822021484,125.72710418701172],[116.43601226806641,10.88666820526123,128.94206237792969],[103.05058288574219,7.334108829498291,132.17277526855469]],"cal_1":[[67.848052978515625,126.43742370605469,203.75927734375],[51.441612243652344,125.72177886962891,197.52090454101562],[36.984970092773438,124.64302825927734,187.69392395019531],[24.542213439941406,123.31619262695312,175.38711547851562],[15.229647636413574,121.75857543945312,160.72163391113281],[11.245634078979492,119.98005676269531,143.70217895507812],[10.938563346862793,118.16822814941406,126.20963287353516]],"car_1":[[102.67699432373047,126.65802001953125,204.45558166503906],[119.26994323730469,126.1119384765625,198.49578857421875],[134.08995056152344,125.19615173339844,189.037109375],[146.59684753417969,123.97718048095703,176.74446105957031],[156.18746948242188,122.49787902832031,162.05690002441406],[160.17156982421875,120.75682830810547,145.07118225097656],[161.71401977539062,118.95941162109375,127.64143371582031]],"cal_2":[[69.102569580078125,143.24099731445312,198.10165405273438],[53.864395141601562,142.29728698730469,191.95301818847656],[40.215919494628906,140.94827270507812,182.87568664550781],[28.69354248046875,139.25503540039062,171.28372192382812],[19.262241363525391,137.32420349121094,157.93373107910156],[14.701169967651367,135.09672546386719,142.30889892578125],[13.064030647277832,132.80186462402344,126.10316467285156]],"car_2":[[102.10700988769531,143.51773071289062,198.8944091796875],[117.75159454345703,142.74632263183594,192.87345886230469],[132.58049011230469,141.71415710449219,185.03346252441406],[143.69366455078125,140.0284423828125,172.693359375],[152.69544982910156,138.0908203125,158.64260864257812],[157.64210510253906,135.87702941894531,142.7781982421875],[158.91339111328125,133.54031372070312,126.17268371582031]],"cal_3":[[70.1116714477539,159.44085693359375,191.05352783203125],[55.534458160400391,158.39691162109375,185.80766296386719],[42.578742980957031,156.81059265136719,177.51681518554688],[32.628612518310547,154.62586975097656,165.8240966796875],[24.482181549072266,152.2056884765625,152.77127075195312],[18.70123291015625,149.59870910644531,138.60708618164062],[16.828046798706055,146.83740234375,123.45663452148438]],"car_3":[[101.08451080322266,159.8079833984375,192.00033569335938],[115.79002380371094,158.93345642089844,186.67059326171875],[128.84092712402344,157.46397399902344,178.11990356445312],[139.57135009765625,155.51470947265625,167.00604248046875],[147.84532165527344,153.19168090820312,153.91822814941406],[153.22032165527344,150.60478210449219,139.47702026367188],[155.17921447753906,147.84140014648438,124.18198394775391]],"cal_4":[[71.67718505859375,174.82781982421875,182.04701232910156],[58.656764984130859,173.60369873046875,177.21429443359375],[47.4261589050293,171.60043334960938,168.96054077148438],[38.396938323974609,169.11376953125,158.54713439941406],[30.711582183837891,166.39170837402344,147.0726318359375],[25.061037063598633,163.44075012207031,134.54171752929688],[22.102781295776367,160.31193542480469,121.15165710449219]],"car_4":[[99.39825439453125,174.99459838867188,181.81771850585938],[112.57192993164062,173.94384765625,176.83625793457031],[124.34629821777344,172.25735473632812,169.16133117675781],[134.36813354492188,170.08106994628906,159.43446350097656],[141.99818420410156,167.45706176757812,147.85879516601562],[147.49723815917969,164.58489990234375,135.28610229492188],[149.67816162109375,161.45277404785156,121.70600891113281]],