{"nz":[87.53,192.3,79.73],"iz":[89.6205521,12.711484,70.889946],"lpa":[15.96,102.1,75.29],"rpa":[161.2,102.1,75.29],"cz":[89.4719162,93.4923,199.663513],"cm":[[13.399856567382812,99.768440246582031,108.97908020019531],[13.085300445556641,98.600517272949219,125.85452270507812],[14.909183502197266,97.438430786132812,142.64549255371094],[19.800983428955078,96.32830810546875,158.68569946289062],[29.553955078125,95.379257202148438,172.39857482910156],[42.219509124755859,94.611129760742188,183.49745178222656],[56.786312103271484,94.016357421875,192.09147644042969],[72.7464599609375,93.640983581542969,197.51524353027344],[89.471916198730469,93.492301940917969,199.66351318359375],[106.23471832275391,93.625129699707031,197.74435424804688],[122.12004852294922,94.023117065429688,191.99371337890625],[136.75399780273438,94.606941223144531,183.55810546875],[149.186279296875,95.390312194824219,172.23908996582031],[158.75740051269531,96.344696044921875,158.44912719726562],[163.45515441894531,97.460556030273438,142.32588195800781],[165.49111938476562,98.619033813476562,125.58682250976562],[164.91781616210938,99.7840805053711,108.75300598144531]],"sm":[[87.71685791015625,195.52450561523438,115.25794982910156],[87.862945556640625,192.79212951660156,133.13761901855469],[88.054374694824219,185.53547668457031,149.63916015625],[88.276771545410156,174.52128601074219,163.9434814453125],[88.512992858886719,161.27168273925781,176.21420288085938],[88.757530212402344,145.52946472167969,185.09933471679688],[89.001060485839844,128.78199768066406,191.93186950683594],[89.240509033203125,111.37257385253906,196.87313842773438],[89.471931457519531,93.49224853515625,199.66352844238281],[89.689247131347656,75.44000244140625,199.90641784667969],[89.8642349243164,58.180961608886719,194.9698486328125],[90.00238037109375,42.187782287597656,186.61241149902344],[90.082565307617188,28.943750381469727,174.29780578613281],[90.105438232421875,19.005983352661133,159.17874145507812],[90.090850830078125,11.4894437789917,142.71913146972656],[90.033706665039062,6.9765052795410156,125.20705413818359],[89.931243896484375,5.9715576171875,107.16347503662109]],"aal":[[14.636688232421875,113.50885009765625,109.60639953613281],[16.760557174682617,126.8387451171875,110.24180603027344],[20.183727264404297,139.89073181152344,110.90296936035156],[25.209438323974609,152.40657043457031,111.58754730224609],[31.435512542724609,164.38014221191406,112.28363800048828],[39.535987854003906,175.16838073730469,112.983154296875],[49.859024047851562,183.83612060546875,113.65589141845703],[61.524921417236328,190.56463623046875,114.28414916992188],[74.485137939453125,194.30545043945312,114.82138061523438]],"apl":[[12.80816650390625,86.32489013671875,108.38327026367188],[14.534064292907715,72.67877197265625,107.84600830078125],[17.546337127685547,59.266254425048828,107.35614776611328],[22.406421661376953,46.394393920898438,106.94319152832031],[29.468936920166016,34.626167297363281,106.64169311523438],[38.681198120117188,24.430837631225586,106.47027587890625],[49.410312652587891,15.940830230712891,106.41629028320312],[61.841945648193359,10.075084686279297,106.52470397949219],[75.09063720703125,6.4262304306030273,106.75223541259766]],"aar":[[163.6153564453125,112.49929046630859,109.33263397216797],[161.27850341796875,126.20643615722656,109.98710632324219],[157.93060302734375,139.66061401367188,110.66297912597656],[152.9525146484375,152.64215087890625,111.37063598632812],[146.06124877929688,164.72381591796875,112.10095977783203],[138.04049682617188,176.0560302734375,112.83542633056641],[127.45304870605469,185.02662658691406,113.55146026611328],[115.21865844726562,191.58847045898438,114.21781921386719],[101.80117797851562,195.08755493164062,114.79209899902344]],"apr":[[165.26744079589844,85.173187255859375,108.12339019775391],[163.59054565429688,71.803115844726562,107.61067199707031],[159.42214965820312,58.967948913574219,107.19972991943359],[154.33662414550781,46.48553466796875,106.83286285400391],[146.99006652832031,35.160385131835938,106.5867919921875],[137.68519592285156,25.401378631591797,106.46920776367188],[127.25363159179688,16.884794235229492,106.44001007080078],[115.24407958984375,10.751348495483398,106.56182861328125],[102.25836181640625,7.1006646156311035,106.81973266601562]],"cal_1":[[73.020965576171875,111.51734924316406,195.03462219238281],[57.796821594238281,111.73455047607422,188.94952392578125],[43.948383331298828,111.99208068847656,180.20278930664062],[31.83056640625,112.28099060058594,169.1402587890625],[22.292329788208008,112.59394836425781,155.84928894042969],[16.543109893798828,112.91902160644531,140.52447509765625],[14.721286773681641,113.23506164550781,124.25019073486328]],"car_1":[[105.31528472900391,111.30393218994141,194.68400573730469],[120.56021881103516,111.30349731445312,189.14187622070312],[134.50296020507812,111.36360168457031,180.83103942871094],[146.60791015625,111.48306274414062,170.00942993164062],[156.24504089355469,111.65992736816406,157.01153564453125],[161.83061218261719,111.905517578125,141.80905151367188],[163.98847961425781,112.191162109375,125.71193695068359]],"cal_2":[[73.815361022949219,128.78785705566406,189.76457214355469],[59.893539428710938,128.69651794433594,184.27603149414062],[47.17266845703125,128.53372192382812,176.38702392578125],[36.174118041992188,128.2996826171875,166.18867492675781],[27.199550628662109,128.00778198242188,154.21151733398438],[20.612815856933594,127.6650390625,140.76815795898438],[17.244600296020508,127.27670288085938,126.17767333984375]],"car_2":[[103.79408264160156,128.6707763671875,190.22256469726562],[118.25201416015625,128.46820068359375,185.15078735351562],[131.58328247070312,128.20042419433594,177.54325866699219],[142.88470458984375,127.8648681640625,167.16226196289062],[152.17823791503906,127.48719024658203,154.94146728515625],[158.25996398925781,127.07353210449219,140.91458129882812],[161.02430725097656,126.64556884765625,125.84983062744141]],"cal_3":[[74.455650329589844,145.40762329101562,183.24166870117188],[61.851570129394531,145.00053405761719,177.73335266113281],[50.155838012695312,144.4595947265625,170.51385498046875],[39.949302673339844,143.77024841308594,161.40715026855469],[31.812503814697266,142.92732238769531,150.35760498046875],[25.505985260009766,141.99293518066406,138.16288757324219],[21.582054138183594,140.98434448242188,125.05679321289062]],"car_3":[[102.4241943359375,145.429931640625,184.08474731445312],[116.08831024169922,145.04588317871094,179.39529418945312],[128.41413879394531,144.44682312011719,171.90150451660156],[139.27705383300781,143.6944580078125,162.398681640625],[147.787109375,142.78125,150.77117919921875],[154.10322570800781,141.76939392089844,137.82638549804688],[157.26119995117188,140.67668151855469,123.7742919921875]],"cal_4":[[75.8757553100586,160.95901489257812,174.0946044921875],[64.395767211914062,160.35031127929688,169.76641845703125],[53.814743041992188,159.48658752441406,163.53770446777344],[44.32476806640625,158.42649841308594,155.83914184570312],[36.865730285644531,157.098876953125,146.12973022460938],[30.881538391113281,155.64627075195312,135.47282409667969],[27.229793548583984,154.06338500976562,123.81613922119141]],"car_4":[[100.72382354736328,161.20353698730469,175.52261352539062],[112.79441833496094,160.67018127441406,171.39068603515625],[123.88058471679688,159.84451293945312,165.11112976074219],[133.77656555175781,158.78303527832031,157.10472106933594],[141.53466796875,157.4471435546875,147.10067749023438],[147.50997924804688,155.94921875,135.92501831054688],[151.00907897949219,154.31192016601562,123.75595855712891]],