{"nz":[84.01,191.4,91.76],"iz":[88.4769745,10.1944637,79.6954956],"lpa":[13.1,92.42,85.17],"rpa":[159.8,92.42,85.17],"cz":[87.1399078,90.0101166,212.047287],"cm":[[9.9508285522460938,91.773971557617188,119.18304443359375],[9.99046802520752,91.446685791015625,136.41445922851562],[11.712593078613281,91.122024536132812,153.50723266601562],[16.429859161376953,90.808883666992188,169.99313354492188],[26.332324981689453,90.541786193847656,184.05557250976562],[39.089065551757812,90.322021484375,195.62593078613281],[54.073440551757812,90.166831970214844,203.79638671875],[70.064651489257812,90.046516418457031,210.13031005859375],[87.139923095703125,90.0101089477539,212.04728698730469],[104.13973236083984,90.057289123535156,209.56362915039062],[120.15916442871094,90.17608642578125,203.30897521972656],[134.97930908203125,90.339790344238281,194.69024658203125],[147.952392578125,90.554740905761719,183.37371826171875],[157.09359741210938,90.83111572265625,168.82290649414062],[161.85391235351562,91.1439208984375,152.35440063476562],[164.13392639160156,91.467689514160156,135.30877685546875],[163.56988525390625,91.794784545898438,118.08784484863281]],"sm":[[84.1229248046875,194.04095458984375,127.80859375],[84.270843505859375,191.72514343261719,145.95365905761719],[84.544876098632812,184.06494140625,162.60981750488281],[84.894119262695312,172.98709106445312,177.21867370605469],[85.30316162109375,158.95066833496094,188.98246765136719],[85.746826171875,142.97802734375,197.97477722167969],[86.208145141601562,125.79559326171875,204.436279296875],[86.673629760742188,108.11764526367188,209.24452209472656],[87.139900207519531,90.010025024414062,212.04730224609375],[87.594482421875,71.68792724609375,211.414306640625],[88.0020751953125,54.278289794921875,205.906982421875],[88.354133605957031,38.374385833740234,196.78987121582031],[88.608016967773438,25.598896026611328,183.6395263671875],[88.772773742675781,15.914918899536133,168.09190368652344],[88.870254516601562,8.66690444946289,151.25015258789062],[88.8990249633789,3.9919445514678955,133.51455688476562],[88.829994201660156,3.1192386150360107,115.21171569824219]],"aal":[[10.970266342163086,105.17231750488281,120.10011291503906],[13.304508209228516,118.93903350830078,121.07389831542969],[16.263214111328125,132.68777465820312,122.06179046630859],[20.661083221435547,146.06314086914062,123.06004333496094],[26.476451873779297,158.87588500976562,124.05556488037109],[34.241287231445312,170.60946655273438,125.02696228027344],[44.23297119140625,180.5247802734375,125.93183898925781],[56.130485534667969,188.00926208496094,126.72151947021484],[69.536026000976562,192.31365966796875,127.33639526367188]],"apl":[[10.719099044799805,77.79339599609375,118.27098846435547],[13.036211967468262,64.619194030761719,117.4505615234375],[16.257644653320312,51.634349822998047,116.66487121582031],[21.625617980957031,39.399650573730469,115.98169708251953],[29.565900802612305,28.610769271850586,115.45777893066406],[39.142169952392578,19.2540225982666,115.06927490234375],[50.164325714111328,11.691049575805664,114.83561706542969],[62.391983032226562,6.1992545127868652,114.76940155029297],[75.475227355957031,3.428882360458374,114.90530395507812]],"aar":[[162.55422973632812,105.8660888671875,119.04212188720703],[160.2646484375,120.33694458007812,120.07164001464844],[157.13906860351562,134.65980529785156,121.12384796142578],[152.44282531738281,148.5162353515625,122.20648193359375],[145.98472595214844,161.60194396972656,123.30710601806641],[137.69338989257812,173.64605712890625,124.41090393066406],[126.65847778320312,183.22370910644531,125.46040344238281],[113.71070861816406,190.06935119628906,126.40621948242188],[99.4786376953125,193.537841796875,127.18209838867188]],"apr":[[163.25163269042969,78.439323425292969,117.23170471191406],[160.13751220703125,66.00457763671875,116.54353332519531],[156.50981140136719,53.696880340576172,115.88349914550781],[151.34843444824219,41.952537536621094,115.31939697265625],[144.07061767578125,31.429679870605469,114.91656494140625],[135.36241149902344,22.057920455932617,114.64387512207031],[125.20000457763672,14.239706993103027,114.52845764160156],[113.77653503417969,8.5548772811889648,114.60052490234375],[101.61940002441406,4.6771059036254883,114.81846618652344]],"cal_1":[[70.290855407714844,107.98308563232422,207.30319213867188],[54.991294860839844,107.73348236083984,201.21365356445312],[40.799919128417969,107.42042541503906,192.75105285644531],[28.581501007080078,107.04038238525391,181.65333557128906],[19.098703384399414,106.60406494140625,168.16180419921875],[13.255100250244141,106.12975311279297,152.7591552734375],[11.041985511779785,105.64544677734375,136.41357421875]],"car_1":[[103.08527374267578,108.12913513183594,206.93484497070312],[118.58204650878906,108.03038024902344,200.97161865234375],[133.00096130371094,107.86219787597656,192.79080200195312],[145.11839294433594,107.59322357177734,181.51193237304688],[154.81468200683594,107.24962615966797,168.05747985839844],[160.64656066894531,106.82701873779297,152.51361083984375],[162.83724975585938,106.36109161376953,136.07565307617188]],"cal_2":[[71.0352783203125,125.50251770019531,202.51583862304688],[56.614082336425781,124.95871734619141,197.08123779296875],[43.596332550048828,124.21949768066406,188.79673767089844],[32.126419067382812,123.34781646728516,178.49855041503906],[22.976596832275391,122.34941864013672,166.16026306152344],[16.52423095703125,121.25811767578125,152.19061279296875],[13.816336631774902,120.11858367919922,137.05410766601562]],"car_2":[[101.95030975341797,125.79997253417969,202.3509521484375],[116.69931030273438,125.53411102294922,196.72404479980469],[130.43588256835938,125.10185241699219,188.97064208984375],[141.90837097167969,124.420654296875,178.13864135742188],[151.51625061035156,123.59632110595703,165.61312866210938],[157.60066223144531,122.58992767333984,151.09037780761719],[160.3341064453125,121.47606658935547,135.5618896484375]],"cal_3":[[72.047195434570312,142.49508666992188,195.67936706542969],[58.940757751464844,141.69122314453125,190.6812744140625],[46.8740348815918,140.63847351074219,183.51675415039062],[36.213291168212891,139.37103271484375,174.42192077636719],[27.955049514770508,137.871337890625,163.13169860839844],[21.499725341796875,136.2667236328125,150.76240539550781],[17.423749923706055,134.57818603515625,137.41642761230469]],"car_3":[[100.57044219970703,143.0103759765625,196.44023132324219],[114.48081207275391,142.60173034667969,191.40205383300781],[127.11734771728516,141.84901428222656,183.69796752929688],[138.0623779296875,140.80108642578125,173.77935791015625],[146.97196960449219,139.501220703125,162.04281616210938],[153.22813415527344,137.9669189453125,148.7066650390625],[156.55192565917969,136.26889038085938,134.3846435546875]],"cal_4":[[73.591949462890625,158.37040710449219,187.00146484375],[61.647869110107422,157.3865966796875,182.75543212890625],[50.6483154296875,156.073486328125,176.53355407714844],[40.933475494384766,154.47273254394531,168.534423828125],[33.143203735351562,152.60102844238281,158.781005859375],[27.040794372558594,150.55209350585938,147.83198547363281],[22.778129577636719,148.39630126953125,136.06983947753906]],"car_4":[[99.036094665527344,159.0523681640625,188.01954650878906],[111.27848815917969,158.53953552246094,183.7344970703125],[122.37982177734375,157.58457946777344,177.067138671875],[132.39385986328125,156.34849548339844,168.92562866210938],[140.80056762695312,154.79156494140625,159.1427001953125],[146.38700866699219,152.86788940429688,147.59375],[150.37452697753906,150.80043029785156,135.40763854980469]],