{"nz":[83.53,195.2,85.52],"iz":[92.29,6.642,112.8],"lpa":[12.28,101.5,79.24],"rpa":[160.9,102.8,83.26],"cz":[84.3219223022461,112.57656860351562,209.90774536132812],"cm":[[10.292567253112793,104.294921875,113.83915710449219],[9.8009128570556641,105.69876861572266,131.17689514160156],[10.300687789916992,107.10902404785156,148.51348876953125],[14.154753684997559,108.50172424316406,165.36296081542969],[23.62598991394043,109.73146057128906,179.75096130371094],[36.248104095458984,110.78044891357422,191.65740966796875],[50.987770080566406,111.62033081054688,200.81643676757812],[67.14447021484375,112.24198150634766,207.17182922363281],[84.3219223022461,112.57656860351562,209.90774536132812],[101.60012817382812,112.54302978515625,208.09979248046875],[118.20892333984375,112.24005126953125,203.0255126953125],[133.61796569824219,111.68904876708984,194.99234008789062],[146.59623718261719,110.84028625488281,183.48614501953125],[156.16061401367188,109.72727966308594,168.99960327148438],[160.94757080078125,108.41092681884766,152.39324951171875],[162.8931884765625,107.02510833740234,135.16030883789062],[162.99569702148438,105.62060546875,117.845947265625]],"sm":[[82.421875,199.15313720703125,119.06565856933594],[82.03729248046875,197.63638305664062,136.0782470703125],[81.84033203125,192.7430419921875,152.44502258300781],[81.846832275390625,184.54093933105469,167.45451354980469],[82.046478271484375,173.56182861328125,180.49920654296875],[82.443695068359375,160.05288696289062,190.95562744140625],[82.9990234375,144.84510803222656,198.73538208007812],[83.649932861328125,128.806640625,204.53268432617188],[84.321929931640625,112.57654571533203,209.90776062011719],[85.094688415527344,95.724990844726562,212.71942138671875],[85.924789428710938,78.778923034667969,213.5908203125],[86.865318298339844,62.168464660644531,209.76243591308594],[87.838127136230469,46.769447326660156,202.49136352539062],[88.78155517578125,34.148796081542969,191.13835144042969],[89.677009582519531,23.569662094116211,177.76028442382812],[90.496299743652344,15.325101852416992,162.85256958007812],[91.226959228515625,9.4578056335449219,146.79631042480469]],"aal":[[11.288921356201172,117.16244506835938,112.35569763183594],[12.79318904876709,130.53684997558594,110.93071746826172],[16.323270797729492,143.52117919921875,110.06365966796875],[20.689155578613281,156.32022094726562,109.43003845214844],[27.137771606445312,168.14501953125,109.44716644287109],[34.988319396972656,179.09031677246094,109.93244934082031],[44.989238739013672,188.04940795898438,111.22154235839844],[56.641807556152344,194.60836791992188,113.24577331542969],[69.411201477050781,198.06929016113281,115.96563720703125]],"apl":[[9.8699893951416016,88.733840942382812,115.82833862304688],[10.611620903015137,73.753227233886719,118.02981567382812],[12.9351806640625,59.059280395507812,120.58738708496094],[17.765016555786133,45.073715209960938,123.67487335205078],[25.747280120849609,32.754013061523438,127.3245849609375],[36.156150817871094,22.497446060180664,131.30198669433594],[48.3196907043457,14.487566947937012,135.41471862792969],[61.970508575439453,9.4536838531494141,139.49794006347656],[76.619377136230469,8.6569023132324219,143.25981140136719]],"aar":[[161.12823486328125,119.5487060546875,116.04840087890625],[158.96324157714844,133.37693786621094,114.324462890625],[155.06610107421875,146.85137939453125,112.99386596679688],[149.85971069335938,159.93235778808594,111.98011779785156],[142.93524169921875,172.20033264160156,111.42826080322266],[134.11624145507812,183.19876098632812,111.44358825683594],[122.707763671875,191.33293151855469,112.40950012207031],[110.04765319824219,197.16595458984375,113.97718811035156],[96.32904052734375,199.35411071777344,116.31754302978516]],"apr":[[163.86166381835938,92.03509521484375,119.78595733642578],[163.13490295410156,78.3051528930664,122.05955505371094],[160.43643188476562,64.8619613647461,124.67384338378906],[155.96258544921875,51.858749389648438,127.566650390625],[149.38427734375,39.915176391601562,130.70606994628906],[140.52297973632812,29.595211029052734,134.0394287109375],[130.154541015625,20.752658843994141,137.43783569335938],[118.23252868652344,14.19752311706543,140.78465270996094],[105.08175659179688,10.44068717956543,143.93704223632812]],"cal_1":[[66.770156860351562,128.25163269042969,201.6510009765625],[51.1712646484375,127.38267517089844,195.92019653320312],[37.446632385253906,126.11740112304688,186.56381225585938],[25.757740020751953,124.59927368164062,174.79998779296875],[16.586818695068359,122.88053131103516,161.02415466308594],[11.889394760131836,120.98695373535156,145.23873901367188],[10.990481376647949,119.05714416503906,128.71328735351562]],"car_1":[[99.930938720703125,128.88775634765625,203.39897155761719],[116.05065155029297,128.51301574707031,198.35565185546875],[131.121337890625,127.82994079589844,190.77424621582031],[143.57850646972656,126.68633270263672,179.51910400390625],[153.14102172851562,125.20574188232422,165.68650817871094],[159.24046325683594,123.47010040283203,150.04623413085938],[160.98612976074219,121.56214904785156,133.41157531738281]],"cal_2":[[68.127777099609375,144.21658325195312,196.12939453125],[53.424331665039062,143.1109619140625,190.32931518554688],[40.369865417480469,141.56051635742188,181.39291381835938],[29.317134857177734,139.68626403808594,170.08842468261719],[20.333045959472656,137.59469604492188,157.11752319335938],[14.9193754196167,135.2913818359375,142.35786437988281],[13.676388740539551,132.91407775878906,126.66323852539062]],"car_2":[[99.832084655761719,144.8922119140625,197.26235961914062],[115.30413818359375,144.43067932128906,192.54763793945312],[129.17068481445312,143.40863037109375,184.27166748046875],[140.86436462402344,141.92955017089844,173.18362426757812],[150.25938415527344,140.12254333496094,160.15647888183594],[156.14987182617188,137.9796142578125,145.26507568359375],[158.45355224609375,135.63652038574219,129.42144775390625]],"cal_3":[[67.781967163085938,159.19378662109375,187.94808959960938],[54.556976318359375,157.771728515625,181.79296875],[42.377506256103516,156.02729797363281,173.81153869628906],[32.497714996337891,153.83650207519531,163.21075439453125],[24.529228210449219,151.40602111816406,151.13136291503906],[19.275014877319336,148.78892517089844,137.77001953125],[17.042404174804688,146.07377624511719,123.56510925292969]],"car_3":[[97.224563598632812,160.16667175292969,189.98585510253906],[111.71520233154297,159.61532592773438,185.50900268554688],[124.964599609375,158.50711059570312,178.20220947265625],[136.92189025878906,157.01141357421875,168.9718017578125],[144.89790344238281,154.79458618164062,156.32994079589844],[150.94223022460938,152.34077453613281,142.63327026367188],[153.81175231933594,149.64630126953125,127.99468231201172]],"cal_4":[[68.684158325195312,172.65635681152344,177.84254455566406],[56.878288269042969,171.22232055664062,172.64254760742188],[46.291610717773438,169.35186767578125,165.34956359863281],[37.507602691650391,167.09284973144531,156.11700439453125],[30.646089553833008,164.54583740234375,145.38461303710938],[25.13292121887207,161.86672973632812,133.91490173339844],[22.498046875,159.06106567382812,121.57049560546875]],"car_4":[[94.969161987304688,173.79129028320312,180.16082763671875],[108.41605377197266,173.48286437988281,177.3465576171875],[120.14553070068359,172.19331359863281,170.30009460449219],[131.05552673339844,170.63819885253906,162.14549255371094],[138.55679321289062,168.32962036132812,150.96231079101562],[144.37136840820312,165.76083374023438,138.78733825683594],[147.993896484375,162.96205139160156,125.81004333496094]],