{"nz":[90.495,211.85,37.355000000000004],"iz":[89.789685179528391,7.7529948635295227,31.643986296181303],"lpa":[3.328,101.6,34.27],"rpa":[176.9,101.6,34.27],"cz":[89.752843306395135,104.53792961345322,174.1584574119332],"cm":[[4.6077712484289526,102.37868326556264,71.346722441968907],[5.8986404946273563,102.76922320427735,89.9421405671624],[8.904342994970694,103.15542268053434,108.33088914013601],[14.861169475242082,103.52551155271192,125.95253711875942],[25.304986415358044,103.84755172274549,141.28636349920919],[38.805229582576857,104.1169444916505,154.11340289031023],[54.156877484655631,104.33769374170527,164.62429870061189],[71.336076507747251,104.48803860251064,171.78291494572773],[89.752843306395135,104.53792961345322,174.1584574119332],[108.21576385096036,104.49105901803722,171.92673094010144],[125.70361745892532,104.35680791914874,165.53441335585043],[141.97496955513219,104.16832735034669,156.5599791484735],[155.72710450659164,103.9045485393834,144.00024633709489],[167.08982413601095,103.59502950526584,129.26260932085449],[174.14195386846245,103.23533682647357,112.13597233533578],[176.74831292756477,102.8482296537297,93.704004121985136],[177.4875985645846,102.4570552980237,75.078378460892139]],"sm":[[90.4007204457022,214.98324277112275,77.017917978907192],[90.338544949654178,212.3575190730387,96.938358889353253],[90.261396005557671,204.23995704011463,115.1971005478631],[90.176624312726574,192.48327708385534,131.48900457678894],[90.088904931226139,178.45307976866872,145.86890956189339],[90.000332286109057,162.17526529507484,157.58264369419095],[89.9142236472249,143.70889064344863,165.45967774426359],[89.83156043718391,124.34238606292689,170.84301472450994],[89.7528433063953,104.5379296134912,174.15845741192697],[89.682766961565875,84.479525520661753,173.88291606995935],[89.625688614451064,64.905557495277208,169.35723446627961],[89.591969488029221,47.685413669943173,159.16489959271485],[89.583989821559811,34.267307537145655,144.33460661560241],[89.595803753790761,24.436205611688976,126.81928975333734],[89.615279398194161,16.17318938915982,108.50340614697279],[89.6420020984617,9.4864010234003011,89.553905289585572],[89.681272302018755,5.779221702093186,69.840370106519345]],"aal":[[6.1947809800157936,116.84571595180989,71.875610185932771],[7.7189698539612941,132.983048815058,72.460352616167825],[11.107395564815626,148.80784900764212,73.073857229401142],[16.9038195101857,163.93405715120787,73.714417191043452],[24.488792202942331,178.24227602396837,74.364832338474457],[33.939711504366841,191.38525068191964,75.014852389025563],[46.224078467100284,201.83056832187518,75.632493597191029],[60.81309103639834,208.85416005140743,76.181773052826529],[76.2757836398564,213.59768628210335,76.6714860920388]],"apl":[[3.3844978986330112,86.658311308987265,70.782624868594183],[7.068048501963629,73.026580093451443,70.393901485317386],[12.788273324324212,60.065070113134823,70.071236038965623],[18.802984598096142,47.242170906148836,69.75954975104446],[26.29448092909826,35.230202982199764,69.506887051849063],[35.908373763393875,24.85406063029361,69.355155329484219],[47.226776818897193,16.359191556967275,69.303911948521275],[60.090504081624232,10.475741081646268,69.37478455713611],[73.828878915734762,7.0449956703341821,69.548142584051732]],"aar":[[175.98617263324792,117.96638873124246,75.5763400030449],[174.43289044451859,133.83770438791319,76.085554528080962],[172.8586709834816,149.67292896244643,76.593073710612288],[167.68902113315139,164.714885682646,76.994473738884011],[159.76095926023243,178.5427323822307,77.293730416115736],[149.94673462250529,191.06305460620328,77.5068022238168],[137.62592009892876,201.12324662231853,77.580605804254077],[123.39274512206626,208.30175681151781,77.513760534845417],[108.23300347704176,213.18066733937593,77.347843055054511]],"apr":[[177.74826152201763,87.264937322940227,74.5640265768096],[174.37608000106016,72.905927143036109,73.998410080241655],[167.96970675526495,59.511275234918941,73.399169742469454],[161.52227084380823,46.142535518276134,72.799914645263442],[153.55749141672615,33.648130682042961,72.197266979946448],[143.55263835806937,22.70523449719575,71.602928433400578],[131.20277752382589,14.613781478723471,71.0547031003381],[117.2478224774971,9.581053277782642,70.575936925994526],[102.72963621863757,6.6091449775483735,70.1553497470296]],"cal_1":[[71.9214684863216,124.0988940126481,168.70018057727779],[55.65968538331758,123.53737744879206,161.99243248928011],[40.985806327186019,122.77280931134945,152.33231898038679],[28.110853458440314,121.85158856147146,140.35400374065279],[17.112130718464165,120.81728575620929,126.66151698507261],[11.088551366605971,119.60929658755867,110.18852912645671],[7.927668370989652,118.35883547154438,92.9195152935101]],"car_1":[[107.38590212794496,124.20106012940964,167.6279507377858],[124.60187252854374,123.83234132138475,161.25588904777197],[140.67574896205332,123.28117213250856,152.4121914807921],[154.1688853117025,122.46073860490944,139.98393954774048],[165.97375218819752,121.51961593980937,125.98651577859586],[172.89277020063074,120.35261745694926,109.17405735683261],[175.33494426964941,119.06601841468283,91.004337788608851]],"cal_2":[[72.965236864905592,143.42350423517772,163.33408023685178],[56.7312364057011,142.72508158177942,157.53551604128489],[42.509460925222967,141.58899864435537,147.81536315466229],[30.347896861771755,140.17932551962858,135.62478540149502],[19.274772225253471,138.66013750372639,122.43909255325759],[12.074874575768147,136.902570285968,107.05180467230163],[8.8567804269000252,134.99094527424745,90.206742865491748]],"car_2":[[107.02020718351288,143.44592821718115,162.72775021336071],[123.16297400348671,142.82619395224205,156.86055209196533],[137.97734720333816,141.89012023980644,148.22460865080211],[150.77700752854145,140.64046395875744,136.86054269578651],[162.16348266250787,139.22423088389041,124.05538811211106],[170.16895295017443,137.54454515607759,108.99813510619438],[173.51403481922662,135.66020353895038,92.239470130568051]],"cal_3":[[74.60602104922188,161.82445654129538,155.53067774939873],[59.764171271442748,160.92893139831176,149.98812263880751],[46.533831877110472,159.5395098184928,141.26681307995264],[34.967191142069154,157.82998841031588,130.47760892659227],[25.226858732988152,155.864545027906,118.02893309806332],[17.347628542324792,153.71370571880158,104.37139910100871],[12.840973477042875,151.35683934626161,89.354247525473]],"car_3":[[105.83273051305633,161.96681460253683,156.05243457123134],[120.47917171804997,161.20630008622874,151.00628468920092],[133.66374941714494,159.94951976177217,142.80448238364755],[145.36031666445942,158.37624727068274,132.59708845394758],[155.69850396232087,156.59012332431729,121.04531949172606],[164.26769850430404,154.59604292356337,108.18559231113373],[170.04015668131493,152.37368271120286,93.900722317078746]],"cal_4":[[74.890644725793948,178.02704294889625,143.80501246287122],[61.729020888597958,176.95041432623418,138.4861659360763],[49.596085526060776,175.46550225399662,131.12567279832626],[39.1278630092645,173.55065802831243,121.61290000482776],[30.686596702867167,171.28649350462177,110.34864070560099],[23.765601048284456,168.82769191733951,98.106876133990951],[18.767708738164945,166.20116828375367,85.020272271509327]],"car_4":[[102.99161582185471,178.36278245606155,145.36555003571155],[116.32188879879908,177.56426796745484,141.32625410643405],[128.46170526607219,176.197417531833,134.45568079790169],[139.14271069353887,174.42208376977766,125.55263351778527],[148.46164779057017,172.36872489784622,115.26773724456987],[156.49690403950734,170.11448844828243,103.98565778982768],[163.11248792512893,167.68740630191664,91.846837544035779]],