{"nz":[85.81,190.4,96.4],"iz":[87.0091,13.8031673,69.4202],"lpa":[14.76,99.09,82.45],"rpa":[158.1,99.09,82.45],"cz":[86.9117279,80.997673,208.056198],"cm":[[11.230881690979004,94.251724243164062,116.03973388671875],[11.037786483764648,91.819931030273438,132.9224853515625],[12.598349571228027,89.394485473632812,149.76112365722656],[17.593498229980469,87.061508178710938,165.95790100097656],[26.440158843994141,84.97247314453125,180.46110534667969],[38.881217956542969,83.292007446289062,192.127685546875],[53.704879760742188,82.069183349609375,200.61720275878906],[69.852226257324219,81.241325378417969,206.36454772949219],[86.911727905273438,80.997673034667969,208.05619812011719],[103.83631896972656,81.354728698730469,205.57720947265625],[120.0244140625,82.15936279296875,199.99114990234375],[134.74542236328125,83.412612915039062,191.2904052734375],[147.15023803710938,85.0988540649414,179.58363342285156],[155.70135498046875,87.209564208984375,164.92999267578125],[160.8651123046875,89.5391616821289,148.75674438476562],[162.47001647949219,91.972930908203125,131.8602294921875],[161.99057006835938,94.414627075195312,114.90872955322266]],"sm":[[85.90142822265625,191.723388671875,132.52613830566406],[85.982597351074219,187.36726379394531,150.31388854980469],[86.092193603515625,178.35934448242188,166.263916015625],[86.215423583984375,166.77096557617188,180.42718505859375],[86.353401184082031,151.73519897460938,190.96267700195312],[86.495285034179688,134.90670776367188,198.2657470703125],[86.636199951171875,117.33370971679688,203.31228637695312],[86.776161193847656,99.317001342773438,206.862060546875],[86.911705017089844,80.997673034667969,208.05616760253906],[87.036666870117188,62.805458068847656,205.79031372070312],[87.141571044921875,45.727432250976562,199.22161865234375],[87.217643737792969,30.970951080322266,188.33865356445312],[87.261001586914062,19.442422866821289,174.08642578125],[87.277694702148438,10.840463638305664,157.85231018066406],[87.27215576171875,4.8796472549438477,140.48088073730469],[87.241447448730469,2.1029462814331055,122.3333740234375],[87.180580139160156,3.4576461315155029,104.05508422851562]],"aal":[[12.756903648376465,108.77130126953125,118.27315521240234],[15.034822463989258,122.07778167724609,120.34036254882812],[18.533658981323242,135.11672973632812,122.39534759521484],[22.676216125488281,147.96556091308594,124.43648529052734],[29.050249099731445,159.9249267578125,126.39469909667969],[36.945896148681641,170.922119140625,128.24250793457031],[47.115371704101562,179.91766357421875,129.83999633789062],[58.941352844238281,186.650146484375,131.13327026367188],[72.066757202148438,190.36868286132812,132.00041198730469]],"apl":[[11.0711088180542,81.96575927734375,114.17611694335938],[13.260654449462891,68.734947204589844,112.22390747070312],[16.827411651611328,55.800811767578125,110.34852600097656],[21.263971328735352,43.149398803710938,108.53611755371094],[28.570819854736328,31.853725433349609,106.99546051025391],[37.726039886474609,21.948244094848633,105.70809936523438],[48.561038970947266,13.915096282958984,104.74312591552734],[60.529167175292969,7.646632194519043,104.07154846191406],[73.675796508789062,4.4823970794677734,103.897216796875]],"aar":[[160.73516845703125,108.7587890625,117.12251281738281],[158.40348815917969,122.36382293701172,119.26611328125],[155.06381225585938,135.7593994140625,121.4168701171875],[150.44821166992188,148.77848815917969,123.55987548828125],[144.20472717285156,161.08395385742188,125.65776824951172],[135.74432373046875,171.99110412597656,127.62983703613281],[125.31516265869141,181.07334899902344,129.40216064453125],[113.0570068359375,187.58917236328125,130.85736083984375],[99.558273315429688,190.91029357910156,131.87803649902344]],"apr":[[162.30523681640625,81.831001281738281,112.99691772460938],[160.00393676757812,68.859649658203125,111.127197265625],[156.20993041992188,56.1978874206543,109.36164093017578],[151.35952758789062,43.943721771240234,107.69827270507812],[144.07183837890625,32.8702507019043,106.306884765625],[135.39901733398438,22.842222213745117,105.12661743164062],[124.90763854980469,14.690998077392578,104.29965209960938],[113.15078735351562,8.4460287094116211,103.80912780761719],[100.42543792724609,4.68327522277832,103.73059844970703]],"cal_1":[[70.696205139160156,99.537315368652344,204.92080688476562],[55.315067291259766,100.13495635986328,199.41244506835938],[41.366409301757812,101.04944610595703,190.90167236328125],[29.667533874511719,102.26609039306641,179.51998901367188],[20.355134963989258,103.68974304199219,166.16447448730469],[14.532550811767578,105.29869842529297,151.03010559082031],[12.312400817871094,107.00717926025391,134.92558288574219]],"car_1":[[103.35133361816406,99.57025146484375,204.32992553710938],[119.09238433837891,100.13363647460938,198.87808227539062],[133.06877136230469,101.07685852050781,189.85675048828125],[144.95889282226562,102.29347991943359,178.27322387695312],[154.18527221679688,103.74441528320312,164.50094604492188],[159.80143737792969,105.39228820800781,148.90130615234375],[161.46678161621094,107.13774108886719,132.41470336914062]],"cal_2":[[72.250259399414062,117.39890289306641,201.81553649902344],[57.861679077148438,117.68353271484375,196.56889343261719],[44.958732604980469,118.14547729492188,188.33200073242188],[33.75250244140625,118.73873138427734,177.89645385742188],[24.449607849121094,119.43467712402344,165.75677490234375],[17.916662216186523,120.23480224609375,151.91021728515625],[14.966337203979492,121.10980224609375,136.87939453125]],"car_2":[[102.65222930908203,117.49870300292969,200.9189453125],[117.18822479248047,117.81362915039062,195.92401123046875],[129.91801452636719,118.34130096435547,187.24562072753906],[141.183837890625,118.97080993652344,176.78823852539062],[150.25775146484375,119.71209716796875,164.3624267578125],[156.43882751464844,120.54550170898438,150.28569030761719],[158.65895080566406,121.44094848632812,135.04335021972656]],"cal_3":[[74.06451416015625,134.85699462890625,197.0858154296875],[60.774570465087891,134.83033752441406,192.00961303710938],[48.647567749023438,134.82582092285156,184.52288818359375],[37.954696655273438,134.84086608886719,175.17800903320312],[29.396453857421875,134.88021850585938,163.76374816894531],[22.921688079833984,134.93829345703125,151.05238342285156],[19.351943969726562,135.01730346679688,137.27301025390625]],"car_3":[[102.23773956298828,134.99468994140625,196.15121459960938],[115.46714782714844,135.09254455566406,190.93038940429688],[127.23249053955078,135.20280456542969,182.94046020507812],[137.64700317382812,135.3184814453125,173.2615966796875],[146.016357421875,135.437255859375,161.76121520996094],[151.96893310546875,135.55462646484375,148.84695434570312],[154.63093566894531,135.66366577148438,134.92083740234375]],"cal_4":[[73.52215576171875,151.55850219726562,189.15855407714844],[62.033153533935547,151.25340270996094,184.62002563476562],[51.754104614257812,150.8394775390625,177.75413513183594],[42.353641510009766,150.3736572265625,169.73785400390625],[34.846771240234375,149.8316650390625,159.95245361328125],[28.841131210327148,149.24955749511719,149.16876220703125],[24.932884216308594,148.63504028320312,137.45980834960938]],"car_4":[[98.529335021972656,151.74896240234375,189.61135864257812],[110.74677276611328,151.61955261230469,185.40478515625],[121.59610748291016,151.34004211425781,178.39303588867188],[131.30450439453125,150.97628784179688,169.85784912109375],[139.54850769042969,150.53225708007812,159.92037963867188],[145.3004150390625,149.98857116699219,148.33106994628906],[148.9822998046875,149.39059448242188,135.93849182128906]],