{"nz":[84.91,195.9,85.87],"iz":[87.8649,13.584753,77.430191],"lpa":[12.68,101.5,81.5],"rpa":[160.2,101.5,81.5],"cz":[85.9130783,93.7565613,213.444824],"cm":[[10.115745544433594,99.441650390625,116.57342529296875],[9.844573974609375,98.405143737792969,134.23507690429688],[10.762369155883789,97.373214721679688,151.81867980957031],[14.461875915527344,96.367218017578125,168.96049499511719],[23.765026092529297,95.489639282226562,183.9139404296875],[36.764045715332031,94.78802490234375,195.86924743652344],[51.863063812255859,94.25091552734375,205.02131652832031],[68.41357421875,93.891288757324219,211.14920043945312],[85.9130630493164,93.756561279296875,213.44482421875],[103.44193267822266,93.880416870117188,211.33445739746094],[120.18603515625,94.210624694824219,205.70794677734375],[135.20529174804688,94.75555419921875,196.422607421875],[147.9725341796875,95.47247314453125,184.2064208984375],[157.348876953125,96.34552001953125,169.33015441894531],[161.98007202148438,97.340614318847656,152.37419128417969],[162.97625732421875,98.373565673828125,134.77320861816406],[162.9813232421875,99.408447265625,117.13914489746094]],"sm":[[84.671493530273438,199.31080627441406,123.18321228027344],[84.616790771484375,196.95333862304688,141.91465759277344],[84.652267456054688,189.40618896484375,159.17608642578125],[84.755233764648438,178.26638793945312,174.39462280273438],[84.924484252929688,163.87896728515625,186.69444274902344],[85.137619018554688,147.58119201660156,196.2825927734375],[85.377792358398438,130.21791076660156,203.8424072265625],[85.641105651855469,112.07778930664062,209.22848510742188],[85.913070678710938,93.756439208984375,213.44485473632812],[86.216873168945312,74.893020629882812,212.96243286132812],[86.532333374023438,56.732795715332031,207.83804321289062],[86.836875915527344,40.7925910949707,197.73651123046875],[87.11285400390625,27.719997406005859,184.13009643554688],[87.356727600097656,17.338962554931641,168.31410217285156],[87.556732177734375,10.224998474121094,150.80619812011719],[87.706733703613281,6.5539541244506836,132.28511047363281],[87.793586730957031,6.9380712509155273,113.42854309082031]],"aal":[[10.980075836181641,112.91554260253906,117.27862548828125],[12.955272674560547,126.68194580078125,118.02129364013672],[15.892736434936523,140.31109619140625,118.77647399902344],[20.629598617553711,153.43507385253906,119.54238891601562],[26.649803161621094,166.03483581542969,120.30758666992188],[34.970951080322266,177.2056884765625,121.04656982421875],[45.282905578613281,186.61100769042969,121.73582458496094],[57.336875915527344,193.57244873046875,122.335693359375],[70.605682373046875,197.77764892578125,122.81955718994141]],"apl":[[9.9114608764648438,85.342536926269531,115.84971618652344],[11.536672592163086,71.7757568359375,115.19028472900391],[14.577709197998047,58.459266662597656,114.57237243652344],[19.731161117553711,45.824802398681641,114.0321044921875],[27.232006072998047,34.416275024414062,113.60208129882812],[36.631561279296875,24.492328643798828,113.28630065917969],[47.3449821472168,16.002386093139648,113.07041931152344],[59.7674446105957,10.297243118286133,113.03129577636719],[73.108261108398438,7.3706822395324707,113.15264129638672]],"aar":[[161.89056396484375,114.36383056640625,117.90830993652344],[159.59562683105469,128.41413879394531,118.64713287353516],[156.19166564941406,142.25723266601562,119.38961791992188],[151.13345336914062,155.57481384277344,120.12669372558594],[144.52833557128906,168.20111083984375,120.84858703613281],[136.02923583984375,179.5965576171875,121.532470703125],[125.12367248535156,188.72576904296875,122.13261413574219],[112.42854309082031,195.1763916015625,122.62032318115234],[98.727607727050781,198.73410034179688,122.97476959228516]],"apr":[[163.27236938476562,86.587776184082031,116.48799133300781],[161.44532775878906,73.21728515625,115.83609008789062],[157.650634765625,60.177700042724609,115.22600555419922],[152.44821166992188,47.649360656738281,114.65968322753906],[145.15328979492188,36.257793426513672,114.17745971679688],[136.02618408203125,26.212093353271484,113.78657531738281],[125.63823699951172,17.4498348236084,113.47660827636719],[113.44410705566406,11.480072975158691,113.33070373535156],[100.29351043701172,8.0104618072509766,113.3232421875]],"cal_1":[[67.8736801147461,111.94450378417969,206.95904541015625],[52.027359008789062,111.89017486572266,201.13018798828125],[37.938968658447266,111.91255187988281,191.78033447265625],[25.782312393188477,111.9942626953125,180.03369140625],[16.383712768554688,112.14036560058594,166.06300354003906],[12.094006538391113,112.37478637695312,149.7960205078125],[10.761747360229492,112.64773559570312,132.94381713867188]],"car_1":[[101.46909332275391,112.25950622558594,207.53611755371094],[117.67241668701172,112.50563049316406,202.26165771484375],[132.30917358398438,112.79518890380859,193.531982421875],[145.03018188476562,113.11088562011719,182.16975402832031],[154.75094604492188,113.44284057617188,168.13937377929688],[160.184814453125,113.7684326171875,152.04031372070312],[162.0750732421875,114.07427978515625,135.08543395996094]],"cal_2":[[68.867721557617188,129.94937133789062,201.42694091796875],[54.543277740478516,129.57949829101562,194.96401977539062],[40.978515625,129.16792297363281,186.88790893554688],[29.473312377929688,128.69268798828125,176.01322937011719],[20.476469039916992,128.17741394042969,162.92742919921875],[15.280202865600586,127.64764404296875,147.96284484863281],[13.066363334655762,127.12950897216797,132.25761413574219]],"car_2":[[100.16192626953125,130.32905578613281,201.88044738769531],[115.20353698730469,130.33879089355469,196.58673095703125],[129.08378601074219,130.25650024414062,188.79019165039062],[140.97653198242188,130.0599365234375,178.08802795410156],[150.75216674804688,129.77737426757812,165.43185424804688],[156.97682189941406,129.38807678222656,150.69288635253906],[159.51486206054688,128.92266845703125,134.9005126953125]],"cal_3":[[70.62432861328125,147.19985961914062,194.01643371582031],[57.277290344238281,146.60783386230469,188.97962951660156],[45.002861022949219,145.84107971191406,181.62734985351562],[34.978897094726562,144.907470703125,171.86116027832031],[26.730684280395508,143.85113525390625,160.29997253417969],[20.126621246337891,142.7301025390625,147.67506408691406],[16.943920135498047,141.55125427246094,133.77716064453125]],"car_3":[[99.209396362304688,147.6668701171875,195.00398254394531],[113.02793884277344,147.48727416992188,190.52157592773438],[125.70766448974609,147.07830810546875,183.4210205078125],[136.42744445800781,146.41647338867188,173.55006408691406],[145.14723205566406,145.58580017089844,161.94392395019531],[151.75283813476562,144.61752319335938,149.00404357910156],[155.33511352539062,143.5166015625,134.94075012207031]],"cal_4":[[72.715629577636719,163.433349609375,184.89192199707031],[60.784660339355469,162.63479614257812,180.545166015625],[49.842529296875,161.58145141601562,174.27281188964844],[39.979328155517578,160.30801391601562,166.3121337890625],[32.422683715820312,158.76577758789062,156.17828369140625],[26.576625823974609,157.09646606445312,144.94747924804688],[22.397960662841797,155.36053466796875,133.05500793457031]],"car_4":[[98.310592651367188,163.93919372558594,185.62039184570312],[110.73919677734375,163.5733642578125,181.6197509765625],[122.271240234375,162.89254760742188,175.4769287109375],[132.12057495117188,161.85459899902344,166.97979736328125],[139.81642150878906,160.50064086914062,156.47421264648438],[145.5809326171875,158.95793151855469,144.84129333496094],[149.41963195800781,157.28036499023438,132.46432495117188]],