{"nz":[85.2,192.5,98.63],"iz":[83.8581314,16.2813873,66.6028061],"lpa":[12.24,103.2,82.4],"rpa":[156.8,103.2,82.4],"cz":[85.3023682,79.1250229,199.712143],"cm":[[7.8183650970458984,96.494888305664062,115.07249450683594],[7.4633316993713379,93.177383422851562,131.23799133300781],[10.28995418548584,89.908035278320312,147.1688232421875],[15.96544361114502,86.800750732421875,162.30999755859375],[26.053272247314453,84.192306518554688,175.02035522460938],[38.808010101318359,82.113334655761719,185.1507568359375],[53.307582855224609,80.54736328125,192.7813720703125],[68.958366394042969,79.515205383300781,197.81088256835938],[85.3023681640625,79.1250228881836,199.71214294433594],[101.70606994628906,79.510299682617188,197.83473205566406],[117.27857208251953,80.5784683227539,192.6297607421875],[131.66358947753906,82.192413330078125,184.765380859375],[144.39152526855469,84.302192687988281,174.48487854003906],[154.57878112792969,86.900398254394531,161.82437133789062],[160.12736511230469,90.023811340332031,146.60467529296875],[162.9461669921875,93.288238525390625,130.69784545898438],[162.01895141601562,96.597831726074219,114.57087707519531]],"sm":[[85.461921691894531,190.48735046386719,133.20071411132812],[85.562606811523438,185.22653198242188,149.979736328125],[85.618598937988281,175.48081970214844,164.61569213867188],[85.638656616210938,162.900390625,176.92787170410156],[85.6180191040039,147.8441162109375,186.03744506835938],[85.565078735351562,131.34857177734375,192.19721984863281],[85.490196228027344,114.15481567382812,196.13490295410156],[85.401191711425781,96.6889877319336,198.50393676757812],[85.3023681640625,79.1249771118164,199.712158203125],[85.1756362915039,61.719684600830078,197.28108215332031],[85.0254898071289,45.272773742675781,191.15174865722656],[84.856620788574219,30.7974910736084,181.1326904296875],[84.680313110351562,19.290431976318359,167.86512756347656],[84.506317138671875,11.265388488769531,152.1827392578125],[84.33807373046875,5.3539018630981445,135.58064270019531],[84.184822082519531,2.9367063045501709,118.14822387695312],[84.055328369140625,4.3875203132629395,100.70240783691406]],"aal":[[9.8454904556274414,110.57401275634766,117.57391357421875],[12.693170547485352,123.64620971679688,119.91794586181641],[16.093238830566406,136.57853698730469,122.24989318847656],[21.424110412597656,148.82301330566406,124.50486755371094],[27.658012390136719,160.67750549316406,126.7119140625],[36.105556488037109,171.08050537109375,128.71507263183594],[46.470817565917969,179.66009521484375,130.44287109375],[58.494411468505859,185.80162048339844,131.78225708007812],[71.518745422363281,189.50056457519531,132.71781921386719]],"apl":[[7.1699938774108887,84.021072387695312,112.88186645507812],[9.2029266357421875,70.813064575195312,110.62289428710938],[12.513014793395996,57.854793548583984,108.43595886230469],[17.21992301940918,45.324565887451172,106.35484313964844],[24.021760940551758,33.770069122314453,104.49062347412109],[32.979320526123047,23.763412475585938,102.94448852539062],[43.718868255615234,15.61146068572998,101.76162719726562],[55.597366333007812,9.2037105560302734,100.908447265625],[68.6095199584961,5.4409761428833008,100.54197692871094]],"aar":[[160.55789184570312,109.54349517822266,116.87663269042969],[157.77252197265625,122.86779022216797,119.28688049316406],[154.57437133789062,136.11309814453125,121.69525146484375],[149.63455200195312,148.73202514648438,124.04444885253906],[143.24681091308594,160.7283935546875,126.32667541503906],[134.78152465820312,171.42813110351562,128.4422607421875],[124.0888671875,179.99214172363281,130.24880981445312],[112.15883636474609,186.54916381835938,131.74021911621094],[98.853439331054688,189.87374877929688,132.70622253417969]],"apr":[[162.23860168457031,82.749847412109375,112.14324951171875],[159.96630859375,69.694259643554688,109.92622375488281],[155.35366821289062,57.238143920898438,107.88167572021484],[150.94351196289062,44.870704650878906,105.84678649902344],[143.73260498046875,33.623260498046875,104.08869934082031],[134.87417602539062,23.589187622070312,102.59040069580078],[124.52236938476562,15.085874557495117,101.40293121337891],[112.27273559570312,9.51000690460205,100.78218841552734],[99.361991882324219,5.78634786605835,100.50441741943359]],"cal_1":[[69.704025268554688,97.05181884765625,197.02313232421875],[54.901546478271484,97.995880126953125,191.96708679199219],[41.213333129882812,99.339439392089844,184.43074035644531],[28.938205718994141,101.01957702636719,174.78257751464844],[19.371870040893555,103.10826110839844,162.52542114257812],[12.604801177978516,105.44969177246094,148.60221862792969],[9.8881607055664062,107.97974395751953,133.3450927734375]],"car_1":[[101.00865173339844,96.833358764648438,196.9051513671875],[115.94821929931641,97.5604019165039,191.79450988769531],[129.75010681152344,98.695404052734375,184.25616455078125],[141.99324035644531,100.22184753417969,174.40963745117188],[151.94491577148438,102.13307952880859,162.32975769042969],[158.3724365234375,104.42146301269531,148.11940002441406],[161.00955200195312,106.92619323730469,132.7689208984375]],"cal_2":[[70.770263671875,114.42863464355469,194.56048583984375],[56.6356201171875,115.04585266113281,190.06919860839844],[43.708175659179688,115.97951507568359,182.85699462890625],[32.323562622070312,117.17539215087891,173.36343383789062],[22.962795257568359,118.59311676025391,161.90408325195312],[16.20897102355957,120.19287109375,148.78494262695312],[12.763988494873047,121.90675354003906,134.54246520996094]],"car_2":[[100.34835815429688,114.28443908691406,194.30978393554688],[114.61829376220703,114.74208068847656,189.75526428222656],[127.69123840332031,115.52567291259766,182.51884460449219],[139.42134094238281,116.55497741699219,173.2825927734375],[148.788330078125,117.88234710693359,161.65660095214844],[155.28097534179688,119.43417358398438,148.28523254394531],[157.96159362792969,121.15535736083984,133.67820739746094]],"cal_3":[[71.884185791015625,131.51141357421875,190.609375],[58.838783264160156,131.87123107910156,186.22077941894531],[46.884525299072266,132.40144348144531,179.38137817382812],[36.4943962097168,133.080322265625,170.37188720703125],[27.781003952026367,133.86904907226562,159.73307800292969],[20.94951057434082,134.74241638183594,147.80784606933594],[16.817333221435547,135.68910217285156,134.71397399902344]],"car_3":[[99.092521667480469,131.39059448242188,190.91342163085938],[111.93314361572266,131.65237426757812,186.57609558105469],[124.008056640625,132.05314636230469,180.32463073730469],[134.44837951660156,132.63090515136719,171.66893005371094],[143.19676208496094,133.33493041992188,161.32557678222656],[149.9239501953125,134.1497802734375,149.52792358398438],[153.77337646484375,135.05792236328125,136.5667724609375]],"cal_4":[[73.275177001953125,147.87564086914062,184.57611083984375],[61.903785705566406,147.94674682617188,180.44442749023438],[51.298812866210938,148.04244995117188,174.64764404296875],[41.664665222167969,148.16079711914062,167.30375671386719],[33.639286041259766,148.30438232421875,158.20634460449219],[27.410663604736328,148.46530151367188,147.87417602539062],[23.387336730957031,148.64114379882812,136.4404296875]],"car_4":[[97.667266845703125,147.85107421875,184.96836853027344],[109.45445251464844,147.90206909179688,180.9962158203125],[120.44499206542969,147.98228454589844,175.13311767578125],[130.45075988769531,148.08668518066406,167.72003173828125],[138.44113159179688,148.22421264648438,158.21403503417969],[144.36849975585938,148.38525390625,147.25848388671875],[148.49592590332031,148.55950927734375,135.51788330078125]],