{"nz":[90.495,211.85,37.355000000000004],"iz":[98.4651,6.0503,70.5757],"lpa":[3.328,101.6,34.27],"rpa":[176.9,101.6,34.27],"cz":[89.104300731388918,124.52699916702484,170.79925086958619],"cm":[[5.2956969506215161,107.66297789288907,70.374761191144586],[6.7620636144062711,110.70054839221484,88.463357161130062],[9.6307043048011511,113.70940976446305,106.3809915680925],[15.140062159545129,116.61164410901534,123.66366681150626],[25.677845118342905,119.0904118306608,138.42461732450275],[38.925589663911367,121.20230136688758,151.00082471212559],[54.04092410791263,122.93054830532519,161.29245765124622],[70.960405230250032,124.11799450864973,168.36364648877219],[89.104300731388918,124.52699916702484,170.79925086958619],[107.18743240864444,124.01210166621416,167.733059365492],[124.46602749348142,122.97630492418017,161.56493626255858],[140.61720531121838,121.52847925977245,152.94319942245565],[154.3195804570872,119.50150243784802,140.87264343685663],[166.22461400071407,117.18754855495668,127.09315193531268],[173.44426303179102,114.40855751153003,110.54438501783379],[176.11665710395016,111.39505189481142,92.599094343525422],[176.98009327311371,108.35057110730536,74.469347917622386]],"sm":[[88.912907672123,215.37269663027473,72.938918615299571],[88.2902260727889,213.27871771719578,90.876632837603864],[87.83687911398934,208.12081405776257,108.04163671357743],[87.660139264464533,198.51525376318477,123.31479052906957],[87.617419515859837,187.09413022571414,137.28783898234516],[87.726370181400142,173.83454310486945,149.54526650957598],[88.0217556404734,158.67726448906504,159.28462363016419],[88.512886501092908,141.91477760591934,165.94259812467695],[89.10430073138906,124.52699916702002,170.79925086958733],[89.78767215139878,106.74940629346601,173.7967333108883],[90.580623022893917,88.7506484899533,174.30379911591621],[91.5092380662292,71.0270900368882,171.10729170777614],[92.532267587754774,54.389537511771721,164.32263312112244],[93.6162027486314,40.551427961909518,152.85178314007379],[94.667028188586812,30.404331081078489,138.03844830305857],[95.678003480014269,22.285752307765812,121.92964347001632],[96.664242203515727,15.100162980483892,105.38525376326629]],"aal":[[6.7314768700738083,124.77860252481244,68.08021634287681],[8.7827701573501642,139.92286091016771,66.227989528896217],[12.868272795664101,154.69079946303154,64.8971887971707],[18.994699119006416,168.78048275974871,64.135597471132684],[26.459966655807012,182.23984230826318,63.775805480436333],[34.710950840970192,195.21898779825895,63.668711278473808],[46.489501280386719,204.8640804099623,64.876598889661039],[60.533631692943111,210.6402668616908,67.193680865872579],[75.215915293039671,214.24309830534148,69.989184536758557]],"apl":[[3.6275525852515034,93.8174786770468,72.115389252265686],[5.5228302902808819,78.351882352998672,74.916618468512681],[11.89391758340904,64.145720361546125,78.54535759269011],[18.449666139826412,50.030622625770476,82.2022477462842],[26.676339035153791,36.929657902947582,86.084739693932249],[38.132922416965563,26.66463999472597,90.269188428190162],[51.475032074439277,18.998063293818728,94.485470877355567],[66.37898758156463,15.063349253730321,98.486166011125164],[81.892528117075983,14.185806972245139,102.15752188534795]],"aar":[[175.33858632436522,123.55886549089385,72.203762570529548],[174.14475504679891,139.20595645650846,69.779563103343619],[171.72349421387176,154.69667900810845,67.613038679851229],[165.37134799488086,169.16602621065022,66.359865715849367],[157.44484751672476,182.89823769216846,65.52804003890455],[147.94862429457106,195.5800512404594,65.169724937949965],[135.39994462796821,205.04322022354137,65.931298729591575],[120.81044459475586,211.05101556742147,67.662285670857358],[105.51539424624575,214.53471001093249,69.953505323260671]],"apr":[[177.96261415220204,93.818101826050977,76.744643460220672],[176.4776680207018,79.8710079547135,79.385612396565108],[171.68892860671747,66.796353899979152,82.501186844212683],[165.15459849845683,54.484758463374376,85.816378280440176],[157.91431122520999,42.602737082572233,89.191818120712639],[148.92323993298515,32.030560234372643,92.675281623433],[137.81866465881345,23.726407853424682,96.172870532658422],[124.94929036703886,18.46899312932112,99.4870647800161],[111.25812887007913,15.679692945959426,102.53819795712971]],"cal_1":[[70.986710153624315,141.65077239575055,163.40077235545817],[54.578533044602779,140.64281649677289,156.90714274299455],[40.200268511157816,138.93398816172649,146.75262807402135],[27.80629719725324,136.77278250794345,134.27805456728458],[16.607261025297177,134.41239120989968,120.80236157419954],[10.740107122600605,131.45554930073706,104.44036316596606],[8.0370402349208749,128.30312366139287,87.221911573574232]],"car_1":[[106.01947868462454,141.27786570450951,163.61150896049779],[122.7324020374157,139.9994995430649,157.76132633923385],[138.22617360031472,138.25423953667078,149.30892792933815],[151.57934531234866,135.98213462534576,137.87154980565191],[163.45156489668219,133.45006027240143,124.93424655820436],[171.27141523080292,130.47709163219102,109.3551967913227],[174.20968212020153,127.25815741156042,92.135751549578558]],"cal_2":[[72.523145776979,158.31238911387609,156.8849606189296],[56.694598178504904,157.16674772121851,150.7365826220443],[42.880365816414816,155.22975127330596,140.88780146133675],[31.011805885392526,152.82137975160583,128.86634036426415],[20.78137946232717,150.10896197578293,115.45963207891946],[13.295092525703334,147.04581633172549,100.49106643478073],[10.053468406907145,143.645540922932,84.089035529042533]],"car_2":[[106.47271260031906,158.24346990431857,157.98849241507031],[122.53599299391934,156.92429908448037,152.35637531574994],[136.91717319919709,154.88681105494896,143.21718393600295],[149.54332530399492,152.400846427914,131.85861943389696],[160.90387471486764,149.66874994292124,119.26925729963038],[168.92426105845607,146.51275896345737,104.51119263814945],[173.068872917148,143.07850381374021,88.258435412526111]],"cal_3":[[72.3089897657055,173.24991019625679,146.73780889579723],[57.94982465220388,171.8777939847057,140.51839840572191],[45.086093098669828,169.89194307180071,131.65119932833682],[34.005073158834428,167.42679959263035,120.72663785200885],[25.169399506308615,164.54260916309403,108.01494782452795],[18.084824865280083,161.42214070700032,94.303806903083625],[14.508628914606026,158.00482847080107,79.35918153097947]],"car_3":[[104.14139696155755,173.63695952257558,148.96268503696524],[119.62813989563526,172.40110383492978,143.84220139292603],[133.35063167776894,170.33379298033435,135.07044697968416],[145.49506140906743,167.81203477255221,124.29262788739396],[155.9963438323054,164.94582422876306,111.98672384419393],[164.37733710005955,161.75261028269159,98.220652986005916],[169.81441085386589,158.27198527279046,83.1529109336191]],"cal_4":[[73.057185911147258,186.50606978232281,134.88054542609581],[60.051253499960609,185.22695264611474,129.7324505125855],[48.448103238281327,183.31971203701971,122.09310673504723],[38.691133759009219,180.86126256869304,112.27047539490799],[30.93355923664932,178.00940894060003,100.89282506428614],[24.697277186834427,174.93988774831956,88.656753902795174],[20.735296696849637,171.65870656038493,75.589707419635715]],"car_4":[[101.72186239427424,187.05646651090882,137.20465043339843],[116.02649616814728,186.11908064169677,133.54446326806129],[128.89465354756837,184.31787312144817,126.44231677188041],[139.81642764247928,181.85522630823152,116.70062170668881],[149.02736005268926,179.00106344672884,105.39389947088671],[157.17865373870313,175.96079787941559,93.3420960063277],[163.17791395129757,172.64982537829295,80.203606539242529]],