{"nz":[84.91,195.9,85.87],"iz":[86.62,6.106,119.1],"lpa":[12.68,101.5,81.5],"rpa":[160.2,101.5,81.5],"cz":[86.09197998046875,114.84501647949219,208.46929931640625],"cm":[[10.511398315429688,105.07680511474609,115.53108215332031],[10.018404960632324,106.87467956542969,132.63667297363281],[11.580599784851074,108.66216278076172,149.64349365234375],[16.049667358398438,110.38833618164062,166.06680297851562],[25.74455451965332,111.86056518554688,180.07417297363281],[38.356643676757812,113.07839965820312,191.66111755371094],[52.88836669921875,114.03240203857422,200.73788452148438],[69.073326110839844,114.62619018554688,206.38723754882812],[86.091964721679688,114.84501647949219,208.46929931640625],[103.18534088134766,114.64179992675781,206.53585815429688],[119.38946533203125,114.05947875976562,200.99534606933594],[134.06930541992188,113.12831878662109,192.13607788085938],[146.74015808105469,111.91988372802734,180.63851928710938],[156.44071960449219,110.43837738037109,166.54293823242188],[161.35704040527344,108.72370147705078,150.2288818359375],[162.86538696289062,106.93208312988281,133.18280029296875],[162.68951416015625,105.13603973388672,116.09457397460938]],"sm":[[85.014083862304688,199.934814453125,118.86863708496094],[85.095878601074219,198.44828796386719,135.54672241210938],[85.201972961425781,193.70809936523438,151.58891296386719],[85.331863403320312,185.30885314941406,166.0714111328125],[85.476898193359375,173.98464965820312,178.37298583984375],[85.628898620605469,160.84870910644531,188.75254821777344],[85.783866882324219,146.23710632324219,196.90609741210938],[85.939002990722656,130.8831787109375,203.62655639648438],[86.09197998046875,114.84503936767578,208.46929931640625],[86.243133544921875,98.746795654296875,212.75442504882812],[86.3852767944336,82.066825866699219,213.72183227539062],[86.510086059570312,65.591110229492188,210.93441772460938],[86.607925415039062,50.366996765136719,204.16355895996094],[86.678382873535156,36.894924163818359,194.29811096191406],[86.715751647949219,26.012100219726562,181.63999938964844],[86.732559204101562,16.910419464111328,167.58529663085938],[86.7193603515625,10.688170433044434,152.05392456054688]],"aal":[[11.585556983947754,118.65217590332031,113.46766662597656],[14.0111665725708,132.059814453125,111.79143524169922],[17.476703643798828,145.27120971679688,110.42474365234375],[22.410449981689453,158.03262329101562,109.52499389648438],[28.799636840820312,170.14474487304688,109.12327575683594],[36.757419586181641,181.28201293945312,109.30589294433594],[47.351844787597656,189.84678649902344,110.63221740722656],[59.318771362304688,196.21597290039062,112.70206451416016],[72.444862365722656,198.67723083496094,115.75504302978516]],"apl":[[10.008214950561523,90.625213623046875,117.89736938476562],[10.739446640014648,76.179840087890625,120.58972930908203],[13.397815704345703,62.041450500488281,123.73972320556641],[17.661655426025391,48.400245666503906,127.22921752929688],[25.048906326293945,36.388851165771484,131.26454162597656],[34.509689331054688,26.04704475402832,135.56065368652344],[45.749870300292969,17.655429840087891,139.99102783203125],[58.699874877929688,12.337210655212402,144.34292602539062],[72.655029296875,10.138031005859375,148.42172241210938]],"aar":[[160.96450805664062,118.46300506591797,114.16287231445312],[158.60494995117188,132.03292846679688,112.34823608398438],[155.23001098632812,145.40911865234375,110.82440185546875],[149.90054321289062,158.21022033691406,109.89624786376953],[143.39010620117188,170.45901489257812,109.3643798828125],[135.27188110351562,181.71879577636719,109.41416931152344],[124.51235198974609,190.38011169433594,110.59245300292969],[112.27243041992188,196.54075622558594,112.58873748779297],[98.975753784179688,199.32296752929688,115.45196533203125]],"apr":[[163.18862915039062,90.624267578125,118.54627990722656],[162.31158447265625,76.5498275756836,121.26776123046875],[158.46615600585938,63.079444885253906,124.63148498535156],[153.75511169433594,49.916385650634766,128.1591796875],[147.17912292480469,37.715328216552734,131.98692321777344],[137.85052490234375,27.580402374267578,136.14266967773438],[126.92591857910156,19.207887649536133,140.38833618164062],[114.48371124267578,13.425313949584961,144.55718994140625],[100.85169219970703,11.053973197937012,148.42051696777344]],"cal_1":[[70.818855285644531,130.64935302734375,201.71290588378906],[55.544181823730469,129.80618286132812,195.35664367675781],[41.063175201416016,128.7059326171875,187.13809204101562],[28.719758987426758,127.19779968261719,175.97708129882812],[18.965391159057617,125.36109924316406,162.45765686035156],[13.780786514282227,123.20546722412109,146.67771911621094],[11.834026336669922,120.9498291015625,130.21389770507812]],"car_1":[[103.55503082275391,130.49838256835938,201.06710815429688],[118.99756622314453,129.69532775878906,195.42967224121094],[132.76547241210938,128.44801330566406,186.53175354003906],[144.72361755371094,126.88330078125,175.29571533203125],[154.21026611328125,125.03874206542969,161.98616027832031],[159.26390075683594,122.89903259277344,146.46441650390625],[161.13619995117188,120.67317199707031,130.27056884765625]],"cal_2":[[71.454360961914062,145.94129943847656,195.06649780273438],[56.800365447998047,145.03045654296875,189.54833984375],[43.389663696289062,143.69895935058594,181.52140808105469],[32.213951110839844,141.89306640625,170.66960144042969],[23.066261291503906,139.79193115234375,158.0626220703125],[16.964229583740234,137.41009521484375,143.79263305664062],[14.412588119506836,134.85261535644531,128.49002075195312]],"car_2":[[102.62528228759766,145.89254760742188,194.92974853515625],[117.38014984130859,144.95956420898438,189.42520141601562],[130.66400146484375,143.55105590820312,181.0703125],[142.03517150878906,141.7236328125,170.20166015625],[150.75247192382812,139.53935241699219,157.18621826171875],[156.38258361816406,137.09645080566406,142.609375],[158.17550659179688,134.5050048828125,127.12527465820312]],"cal_3":[[71.285194396972656,160.44569396972656,186.75299072265625],[57.693649291992188,159.37002563476562,181.3634033203125],[45.391033172607422,157.81607055664062,173.56132507324219],[34.938282012939453,155.81503295898438,163.50328063964844],[27.156473159790039,153.3973388671875,151.34046936035156],[21.247102737426758,150.79443359375,138.24069213867188],[18.469264984130859,147.99360656738281,124.13703155517578]],"car_3":[[100.3206787109375,160.60423278808594,187.48947143554688],[114.05351257324219,159.65658569335938,182.6861572265625],[126.60648345947266,158.20657348632812,175.35466003417969],[136.99685668945312,156.21699523925781,165.30963134765625],[145.3037109375,153.87794494628906,153.50857543945312],[151.0311279296875,151.26400756835938,140.3282470703125],[154.21951293945312,148.4901123046875,126.34748840332031]],"cal_4":[[72.6656723022461,173.60214233398438,176.75727844238281],[60.300033569335938,172.55885314941406,172.2802734375],[49.202457427978516,170.96208190917969,165.40359497070312],[39.942211151123047,168.84684753417969,156.27720642089844],[32.373153686523438,166.41020202636719,145.75428771972656],[27.111301422119141,163.6817626953125,133.9613037109375],[24.110702514648438,160.79454040527344,121.47389221191406]],"car_4":[[98.8201904296875,173.80169677734375,177.53953552246094],[111.28232574462891,172.86386108398438,173.44151306152344],[122.83789825439453,171.45223999023438,167.29554748535156],[132.29783630371094,169.39939880371094,158.380859375],[139.52423095703125,166.92561340332031,147.651123046875],[145.20245361328125,164.25503540039062,136.07449340820312],[148.23358154296875,161.36856079101562,123.57159423828125]],