{"nz":[90.21,193,94.9],"iz":[92.75,6.79,105.9],"lpa":[16,102.1,84],"rpa":[161,102.1,84],"cz":[87.477790832519531,102.64199829101562,209.89962768554688],"cm":[[13.844175338745117,102.24101257324219,116.75553894042969],[12.842453002929688,102.31396484375,133.70082092285156],[13.985225677490234,102.38655853271484,150.56278991699219],[18.636775970458984,102.45652008056641,166.81327819824219],[27.94359016418457,102.51724243164062,180.91880798339844],[40.335983276367188,102.5672607421875,192.53968811035156],[54.821273803710938,102.60556030273438,201.4384765625],[70.747055053710938,102.63057708740234,207.24671936035156],[87.477790832519531,102.64199829101562,209.89962768554688],[104.28799438476562,102.63169860839844,207.50778198242188],[120.33708190917969,102.6082763671875,202.06575012207031],[134.78640747070312,102.56990814208984,193.1546630859375],[147.28067016601562,102.52078247070312,181.74217224121094],[156.55877685546875,102.45951843261719,167.5098876953125],[162.07720947265625,102.39079284667969,151.54374694824219],[163.00047302246094,102.3179931640625,134.63528442382812],[162.94033813476562,102.24471282958984,117.61341857910156]],"sm":[[88.9610595703125,196.00042724609375,128.13545227050781],[88.407073974609375,193.08743286132812,144.72935485839844],[87.94793701171875,186.70921325683594,160.21194458007812],[87.585906982421875,177.42994689941406,174.2745361328125],[87.366165161132812,165.04830932617188,185.75567626953125],[87.260368347167969,150.87518310546875,194.86622619628906],[87.263870239257812,135.37919616699219,201.53135681152344],[87.343338012695312,119.19422912597656,206.39585876464844],[87.477790832519531,102.64195251464844,209.89962768554688],[87.665863037109375,85.944183349609375,211.98379516601562],[87.98516845703125,69.08892822265625,210.507080078125],[88.431671142578125,53.0122184753418,205.17239379882812],[88.990104675292969,38.903362274169922,195.88328552246094],[89.594223022460938,26.189792633056641,184.72142028808594],[90.2375717163086,16.128717422485352,171.31692504882812],[90.90399169921875,9.6021032333374023,155.732421875],[91.564338684082031,5.1222372055053711,139.42233276367188]],"aal":[[16.696079254150391,115.67608642578125,116.63348388671875],[18.984340667724609,129.06492614746094,116.38916015625],[22.2337589263916,142.20217895507812,116.37187194824219],[27.049816131591797,154.88137817382812,116.72734832763672],[33.308261871337891,166.89761352539062,117.43956756591797],[41.4644889831543,177.59915161132812,118.64595794677734],[51.5687255859375,186.4376220703125,120.38844299316406],[63.552742004394531,192.407470703125,122.70831298828125],[76.381072998046875,195.89051818847656,125.35475158691406]],"apl":[[12.303956985473633,87.823440551757812,117.22329711914062],[13.48292064666748,73.195259094238281,118.30525970458984],[15.935121536254883,58.760940551757812,119.65841674804688],[21.315021514892578,45.368125915527344,121.60169219970703],[29.056850433349609,33.127964019775391,124.00355529785156],[38.400627136230469,22.1517391204834,126.68937683105469],[50.0538444519043,13.682446479797363,129.74615478515625],[63.101829528808594,7.5903792381286621,132.97850036621094],[77.194442749023438,4.9996957778930664,136.24583435058594]],"aar":[[160.95524597167969,115.33763122558594,117.23843383789062],[158.90089416503906,128.67172241210938,116.86378479003906],[155.76925659179688,141.80262756347656,116.73980712890625],[151.40374755859375,154.59919738769531,116.90927886962891],[145.35960388183594,166.6895751953125,117.49362182617188],[137.61787414550781,177.54212951660156,118.52998352050781],[127.63086700439453,186.40310668945312,120.18634033203125],[115.92331695556641,192.82188415527344,122.37466430664062],[103.04262542724609,195.92898559570312,125.02803802490234]],"apr":[[161.859130859375,88.376182556152344,118.71422576904297],[159.55311584472656,74.976127624511719,120.05657196044922],[158.60670471191406,61.443256378173828,121.10671234130859],[154.28109741210938,48.494804382324219,122.8673095703125],[148.03704833984375,36.469993591308594,124.99444580078125],[139.47128295898438,26.018630981445312,127.53688049316406],[129.01959228515625,17.547229766845703,130.37303161621094],[117.76364135742188,10.325629234313965,133.30924987792969],[104.90479278564453,6.45454740524292,136.39144897460938]],"cal_1":[[70.438606262207031,119.1146240234375,203.42826843261719],[55.303306579589844,118.91092681884766,197.55540466308594],[41.95623779296875,118.56418609619141,188.318359375],[30.370590209960938,118.12608337402344,176.96994018554688],[21.327480316162109,117.59416198730469,163.49880981445312],[16.500415802001953,116.97018432617188,148.049560546875],[15.773566246032715,116.30973815917969,131.96572875976562]],"car_1":[[102.69625854492188,119.09996032714844,205.04550170898438],[118.22401428222656,118.82457733154297,199.30740356445312],[132.25773620605469,118.42973327636719,190.57685852050781],[144.64547729492188,117.94858551025391,179.649658203125],[154.06329345703125,117.36370086669922,166.02142333984375],[159.66062927246094,116.71197509765625,150.53622436523438],[161.95748901367188,116.03678131103516,134.27922058105469]],"cal_2":[[72.397666931152344,135.23501586914062,199.0540771484375],[58.0806884765625,134.85031127929688,193.45973205566406],[45.257400512695312,134.2386474609375,184.96318054199219],[34.678565979003906,133.4169921875,173.8157958984375],[26.21238899230957,132.46197509765625,161.0128173828125],[20.463312149047852,131.39828491210938,146.90087890625],[18.758543014526367,130.24327087402344,131.758544921875]],"car_2":[[103.12664794921875,135.24514770507812,200.41748046875],[117.64756011962891,134.74423217773438,194.4620361328125],[131.17424011230469,134.09091186523438,186.47781372070312],[142.11416625976562,133.19825744628906,175.26602172851562],[151.18069458007812,132.18879699707031,162.4549560546875],[156.7974853515625,131.05244445800781,147.84979248046875],[159.36990356445312,129.86322021484375,132.43266296386719]],"cal_3":[[72.921035766601562,150.58511352539062,191.88606262207031],[59.995426177978516,149.99180603027344,186.26904296875],[48.235500335693359,149.15644836425781,178.54820251464844],[38.583755493164062,148.03276062011719,168.34255981445312],[30.965646743774414,146.72259521484375,156.54931640625],[25.04966926574707,145.3013916015625,143.82524108886719],[22.329586029052734,143.7572021484375,130.10824584960938]],"car_3":[[101.35791778564453,150.70501708984375,193.774658203125],[115.20205688476562,150.05909729003906,188.47427368164062],[127.93426513671875,149.16297912597656,180.93168640136719],[138.4310302734375,147.94873046875,170.51408386230469],[146.65399169921875,146.537841796875,158.29356384277344],[152.74325561523438,144.99331665039062,144.8304443359375],[155.30825805664062,143.34014892578125,130.30506896972656]],"cal_4":[[74.844886779785156,164.69674682617188,183.19502258300781],[63.229976654052734,164.03541564941406,178.57693481445312],[53.022918701171875,162.98817443847656,171.40020751953125],[44.165641784667969,161.71159362792969,162.71142578125],[37.259391784667969,160.18011474609375,152.34967041015625],[31.698019027709961,158.53297424316406,141.236572265625],[28.243858337402344,156.76072692871094,129.32148742675781]],"car_4":[[100.05633544921875,164.89013671875,184.90847778320312],[112.46807861328125,164.18902587890625,180.42430114746094],[123.58214569091797,163.1146240234375,173.42083740234375],[133.33023071289062,161.77754211425781,164.63690185546875],[140.92279052734375,160.15902709960938,153.93415832519531],[146.68215942382812,158.38134765625,142.13592529296875],[150.03811645507812,156.48023986816406,129.47216796875]],